이름,카테고리,도로명주소,지번주소,일반전화,안심번호,영업시간,썸네일이미지URL,방문자 리뷰수,방문자 평점,블로그 리뷰수,위도,경도,매장정보,부가설명,홈페이지URL,사진리뷰수,상세페이지URL,해시태그,created_at
남도예찬,한정식,경기 수원시 영통구 센트럴타운로 85 광교아브뉴프랑 1층 아띠존 C111,경기도 수원시 영통구 이의동 1332 광교아브뉴프랑 1층 아띠존 C111,0507-1362-8576,,"영업 중
22:00에 영업 종료
22시 0분에 영업 종료매일
10:00 - 22:00- 가게 사정에 의하여 영업시간이 단축될 수 있습니다
접기",https://ldb-phinf.pstatic.net/20210223_211/1614067677733I46Mx_JPEG/yNcdyymBiB4rxwIxRCtwBiAx.jpeg.jpg,888,4.48,12786,37.29083975,127.0516287,"단체 이용 가능, 주차, 예약, 무선 인터넷, 남/녀 화장실 구분, 장애인 편의시설",,http://www.namdoyechan.com,370,https://map.naver.com/p/search/%EA%B2%BD%EA%B8%B0%EB%8C%80%20%EC%88%98%EC%9B%90%EC%BA%A0%ED%8D%BC%EC%8A%A4%20%ED%95%9C%EC%8B%9D/place/1026282129,"보리굴비,수원한정식,수원상견례,수원돌잔치,수원칠순잔치",2024-01-09 20:59:34 +0900
낙원갈비집 수원월드컵점,"육류,고기요리",경기 수원시 팔달구 월드컵로 307 1층,경기도 수원시 팔달구 우만동 519 1층,0507-1393-8593,,"영업 중
22:00에 영업 종료
22시 0분에 영업 종료매일
11:30 - 22:00
15:00 - 16:30 브레이크타임
접기",https://ldb-phinf.pstatic.net/20230908_129/1694142213100atFs7_JPEG/KakaoTalk_20221018_114207339_05.jpg,"4,887",4.75,3624,37.28563737,127.0345859,"단체 이용 가능, 예약, 주차, 포장, 남/녀 화장실 구분, 무선 인터넷",,https://www.instagram.com/nakwon.suwonworld,"3,811",https://map.naver.com/p/search/%EA%B2%BD%EA%B8%B0%EB%8C%80%20%EC%88%98%EC%9B%90%EC%BA%A0%ED%8D%BC%EC%8A%A4%20%ED%95%9C%EC%8B%9D/place/1198987964,"고기집,고깃집,갈비집,샤브샤브,돼지갈비",2024-01-09 20:59:34 +0900
선비칼국수 광교중앙역점,"칼국수,만두",경기 수원시 영통구 도청로 95 유니코어 배타동 1층 선비손칼국수,경기도 수원시 영통구 이의동 1351-6 유니코어 배타동 1층 선비손칼국수,0507-1372-4776,,"영업 종료
10:00에 영업 시작
10시 0분에 영업 시작화
10:00 - 20:00
19:30 라스트오더수
10:00 - 20:00
19:30 라스트오더목
10:00 - 20:00
19:30 라스트오더금
10:00 - 20:00
19:30 라스트오더토
10:00 - 20:00
19:30 라스트오더일
10:00 - 20:00
19:30 라스트오더월
10:00 - 20:00
19:30 라스트오더
접기",https://ldb-phinf.pstatic.net/20230914_92/1694685863829YGPsG_JPEG/KakaoTalk_20230901_101944882_06.jpg,602,4.75,1830,37.2906405,127.0480364,"주차, 포장, 무선 인터넷, 남/녀 화장실 구분, 배달, 단체 이용 가능",,,215,https://map.naver.com/p/search/%EA%B2%BD%EA%B8%B0%EB%8C%80%20%EC%88%98%EC%9B%90%EC%BA%A0%ED%8D%BC%EC%8A%A4%20%ED%95%9C%EC%8B%9D/place/1142521317,"광교칼국수,광교호수공원칼국수,광교냉모밀,광교손칼국수,광교중앙역칼국수",2024-01-09 20:59:35 +0900
갈풍집,소고기구이,경기 수원시 영통구 대학1로8번길 83,경기도 수원시 영통구 이의동 1266-7,0507-1483-1341,,"영업 중
22:00에 라스트오더
22시 0분에 라스트오더매일
17:00 - 23:00
22:00 라스트오더
접기",https://ldb-phinf.pstatic.net/20230620_34/1687242449064dpvIj_JPEG/KakaoTalk_20230620_135824497.jpg,207,4.33,458,37.2980977,127.045863,"단체 이용 가능, 무선 인터넷, 유아의자",,,60,https://map.naver.com/p/search/%EA%B2%BD%EA%B8%B0%EB%8C%80%20%EC%88%98%EC%9B%90%EC%BA%A0%ED%8D%BC%EC%8A%A4%20%ED%95%9C%EC%8B%9D/place/37089394,"소갈비살,회식,소고기,고기집,술집",2024-01-09 20:59:35 +0900
동태찌개유명한집 연무본점,"매운탕,해물탕",경기 수원시 장안구 창룡대로207번길 5 1층,경기도 수원시 장안구 연무동 245-15 1층,031-253-6265,,"영업 중
21:00에 라스트오더
21시 0분에 라스트오더화
08:00 - 22:00
15:30 - 16:30 브레이크타임
21:00 라스트오더수
08:00 - 22:00
15:30 - 16:30 브레이크타임
21:00 라스트오더목
08:00 - 22:00
15:30 - 16:30 브레이크타임
21:00 라스트오더금
08:00 - 22:00
15:30 - 16:30 브레이크타임
21:00 라스트오더토
08:00 - 22:00
21:00 라스트오더일
08:00 - 22:00
21:00 라스트오더월
08:00 - 22:00
15:30 - 16:30 브레이크타임
21:00 라스트오더
접기",https://ldb-phinf.pstatic.net/20211021_18/1634808289257wiq5E_PNG/gRDIIKGRcKfPCvxmEoKfknNw.png,574,4.34,226,37.292925,127.032654,"단체 이용 가능, 포장, 예약",,,107,https://map.naver.com/p/search/%EA%B2%BD%EA%B8%B0%EB%8C%80%20%EC%88%98%EC%9B%90%EC%BA%A0%ED%8D%BC%EC%8A%A4%20%ED%95%9C%EC%8B%9D/place/20601703,"동태찌개,동태",2024-01-09 20:59:35 +0900
부마보쌈족발 본점,"족발,보쌈",경기 수원시 영통구 센트럴타운로 103 1층,경기도 수원시 영통구 이의동 1330-1 1층,0507-1442-8881,,"영업 중
21:30에 라스트오더
21시 30분에 라스트오더매일
11:00 - 22:00
14:30 - 16:00 브레이크타임
21:30 라스트오더
접기",https://ldb-phinf.pstatic.net/20231206_268/1701839720988l7Eta_JPEG/KakaoTalk_20231205_191718514_05.jpg,849,4.52,443,37.29196841,127.0496827,"예약, 배달, 포장, 무선 인터넷, 남/녀 화장실 구분, 단체 이용 가능, 주차",,https://blog.naver.com/buma-,622,https://map.naver.com/p/search/%EA%B2%BD%EA%B8%B0%EB%8C%80%20%EC%88%98%EC%9B%90%EC%BA%A0%ED%8D%BC%EC%8A%A4%20%ED%95%9C%EC%8B%9D/place/35807078,"광교족발,광교보쌈,광교회식,광교모임,광교점심",2024-01-09 20:59:38 +0900
황소갈비 월드스퀘어점,소고기구이,경기 수원시 영통구 센트럴타운로 107 204호 지하1층 b-70호,경기도 수원시 영통구 이의동 1331 204호 지하1층 b-70호,0507-1433-9289,,"영업 중
23:00에 영업 종료
23시 0분에 영업 종료매일
17:00 - 23:00
접기",https://ldb-phinf.pstatic.net/20171226_263/1514286126256yHaLX_JPEG/4AtvjBlkqp0dzF3996owlDfZ.jpg,154,4.74,663,37.2925705,127.0481335,"예약, 주차, 남/녀 화장실 구분, 무선 인터넷",,http://mtsolution.co.kr/cowrib,78,https://map.naver.com/p/search/%EA%B2%BD%EA%B8%B0%EB%8C%80%20%EC%88%98%EC%9B%90%EC%BA%A0%ED%8D%BC%EC%8A%A4%20%ED%95%9C%EC%8B%9D/place/1208032233,"소갈비살,광교고기집,광교소고기집",2024-01-09 20:59:38 +0900
담솥 광교아브뉴프랑점,한식,경기 수원시 영통구 센트럴타운로 85 203동 지상 1층 Cb37-1호,경기도 수원시 영통구 이의동 1332 203동 지상 1층 Cb37-1호,0507-1377-3987,,"곧 영업 종료
21:00에 영업 종료
21시 0분에 영업 종료화
11:00 - 21:00
15:00 - 17:00 브레이크타임
20:30 라스트오더수
11:00 - 21:00
15:00 - 17:00 브레이크타임
20:30 라스트오더목
11:00 - 21:00
15:00 - 17:00 브레이크타임
20:30 라스트오더금
11:00 - 21:00
15:00 - 17:00 브레이크타임
20:30 라스트오더토
11:00 - 21:00
15:30 - 17:00 브레이크타임
20:30 라스트오더일
11:00 - 21:00
15:30 - 17:00 브레이크타임
20:30 라스트오더월
11:00 - 21:00
15:00 - 17:00 브레이크타임
20:30 라스트오더
접기",https://ldb-phinf.pstatic.net/20231109_54/1699490353898ET0I0_JPEG/A526FF08-F37B-4400-A849-4EB1C55E0985.jpeg,808,,850,37.2916848,127.0501324,"무선 인터넷, 남/녀 화장실 구분, 유아의자, 주차",,https://www.instagram.com/gwanggyo_damsot,669,https://map.naver.com/p/search/%EA%B2%BD%EA%B8%B0%EB%8C%80%20%EC%88%98%EC%9B%90%EC%BA%A0%ED%8D%BC%EC%8A%A4%20%ED%95%9C%EC%8B%9D/place/1081617066,"광교밥집,광교한식,광교점심,솥밥,광교저녁",2024-01-09 20:59:39 +0900
달보드레,한정식,,경기도 수원시 팔달구 우만동 산9-2 달보드레,0507-1421-7900,,"영업 중
22:00에 영업 종료
22시 0분에 영업 종료화
10:00 - 22:00
10:10 - 11:30 브레이크타임
15:00 - 17:00 브레이크타임수
10:00 - 22:00
10:10 - 11:30 브레이크타임
15:00 - 17:00 브레이크타임목
10:00 - 22:00
10:10 - 11:30 브레이크타임
15:00 - 17:00 브레이크타임금
10:00 - 22:00
10:10 - 11:30 브레이크타임
15:00 - 17:00 브레이크타임토
10:00 - 22:00일
10:00 - 22:00월
정기휴무 (매주 월요일)- 오전식사 11:30부터 / 오후식사 17:30 부터
접기",https://ldb-phinf.pstatic.net/20220905_269/1662364568385rb96K_JPEG/KakaoTalk_20220905_152948920.jpg,585,,987,37.2896228,127.0394308,"예약, 단체 이용 가능, 주차",,http://www.dalbodre.kr/,191,https://map.naver.com/p/search/%EA%B2%BD%EA%B8%B0%EB%8C%80%20%EC%88%98%EC%9B%90%EC%BA%A0%ED%8D%BC%EC%8A%A4%20%ED%95%9C%EC%8B%9D/place/35258128,"수원한정식,퓨전한정식,수원레스토랑,수원코스요리,수원상견례",2024-01-09 20:59:43 +0900
대낚식당 광교점,한식,경기 수원시 영통구 대학1로50번길 21 1층,경기도 수원시 영통구 이의동 1261-10 1층,0507-1384-9288,,"영업 중
21:00에 라스트오더
21시 0분에 라스트오더화
11:30 - 22:00
15:00 - 17:00 브레이크타임
21:00 라스트오더수
11:30 - 22:00
15:00 - 17:00 브레이크타임
21:00 라스트오더목
11:30 - 22:00
15:00 - 17:00 브레이크타임
21:00 라스트오더금
11:30 - 22:00
15:00 - 17:00 브레이크타임
21:00 라스트오더토
11:30 - 22:00
15:00 - 17:00 브레이크타임
21:00 라스트오더일
정기휴무 (매주 일요일)월
11:30 - 22:00
15:00 - 17:00 브레이크타임
21:00 라스트오더
접기",https://ldb-phinf.pstatic.net/20230817_114/1692239907233zTKBm_JPEG/IMG_6398.jpg,229,,571,37.2989808,127.0445668,"단체 이용 가능, 포장, 배달, 예약, 남/녀 화장실 구분",,,52,https://map.naver.com/p/search/%EA%B2%BD%EA%B8%B0%EB%8C%80%20%EC%88%98%EC%9B%90%EC%BA%A0%ED%8D%BC%EC%8A%A4%20%ED%95%9C%EC%8B%9D/place/1205862575,"곱도리탕,대창,전골,곱창,술집",2024-01-09 20:59:44 +0900
춘천에서 온 숯닭,닭갈비,경기 수원시 영통구 대학로 12 춘천에서 온 숯닭,경기도 수원시 영통구 이의동 1275-10,0507-1400-8462,,"영업 중
21:20에 라스트오더
21시 20분에 라스트오더화
14:00 - 22:00
21:20 라스트오더수
14:00 - 22:00
21:20 라스트오더목
14:00 - 22:00
21:20 라스트오더금
14:00 - 22:00
21:20 라스트오더토
12:00 - 22:00
21:20 라스트오더일
12:00 - 21:00
20:20 라스트오더월
14:00 - 22:00
21:20 라스트오더- 일요일,공휴일 21시마감합니다.
접기",https://ldb-phinf.pstatic.net/20171101_258/1509527314792H80XQ_JPEG/B4SbDuyshCtYEbRXCH7RefsE.jpg,434,4.72,251,37.2977069,127.042292,"예약, 단체 이용 가능, 포장, 무선 인터넷, 남/녀 화장실 구분, 방문접수/출장, 주차",,https://blog.naver.com/viakstudio,157,https://map.naver.com/p/search/%EA%B2%BD%EA%B8%B0%EB%8C%80%20%EC%88%98%EC%9B%90%EC%BA%A0%ED%8D%BC%EC%8A%A4%20%ED%95%9C%EC%8B%9D/place/37520421,"닭목살,숯불닭갈비,무뼈닭발,닭갈비,막국수",2024-01-09 20:59:44 +0900
홍남매칼국수,"칼국수,만두",경기 수원시 장안구 광교산로 42,경기도 수원시 장안구 영화동 27-3,031-242-9599,,"영업 종료
11:00에 영업 시작
11시 0분에 영업 시작화
11:00 - 15:00수
11:00 - 15:00목
11:00 - 15:00금
11:00 - 15:00토
11:00 - 15:00일
11:00 - 15:00월
정기휴무 (매주 월요일)
접기",https://ldb-phinf.pstatic.net/20190102_210/1546413069261Xv1Br_JPEG/p0eHjPGKGmL_RbVG6kpXFyjZ.jpg,,4.5,458,37.29494931,127.0227808,"남/녀 화장실 구분, 무선 인터넷",,,,https://map.naver.com/p/search/%EA%B2%BD%EA%B8%B0%EB%8C%80%20%EC%88%98%EC%9B%90%EC%BA%A0%ED%8D%BC%EC%8A%A4%20%ED%95%9C%EC%8B%9D/place/1672700257,"칼국수,어린이칼국수,갈비만두,손칼국수",2024-01-09 20:59:50 +0900
홍두깨손칼국수,"칼국수,만두",경기 수원시 장안구 창훈로66번길 17 1층,경기도 수원시 장안구 연무동 11-25 1층,0507-1383-1441,,"영업 종료
10:00에 영업 시작
10시 0분에 영업 시작화
10:00 - 20:00수
10:00 - 20:00목
10:00 - 20:00금
10:00 - 20:00토
10:00 - 20:00일
10:00 - 20:00월
정기휴무 (매주 월요일)
접기",https://ldb-phinf.pstatic.net/20220519_88/1652923537032ChLyI_JPEG/1651543679649.jpg,111,,76,37.2984413,127.028929,"주차, 포장, 배달, 무선 인터넷, 남/녀 화장실 구분",,https://blog.naver.com/iceman300,51,https://map.naver.com/p/search/%EA%B2%BD%EA%B8%B0%EB%8C%80%20%EC%88%98%EC%9B%90%EC%BA%A0%ED%8D%BC%EC%8A%A4%20%ED%95%9C%EC%8B%9D/place/1809424525,"연무동칼국수,연무동수제비,연무동비빔국수,연무동콩국수,연무동밀냉면",2024-01-09 20:59:53 +0900
고반식당 광교월드스퀘어점,돼지고기구이,"경기 수원시 영통구 센트럴타운로 107 월드스퀘어 1층 05호,06호 (Gate 4)","경기도 수원시 영통구 이의동 1331 월드스퀘어 1층 05호,06호 (Gate 4)",0507-1305-8771,,"영업 중
22:15에 라스트오더
22시 15분에 라스트오더화
16:00 - 23:00
22:15 라스트오더수
16:00 - 23:00
22:15 라스트오더목
16:00 - 23:00
22:15 라스트오더금
16:00 - 23:00
22:15 라스트오더토
16:00 - 23:00
22:15 라스트오더일
16:00 - 23:00
22:15 라스트오더월
16:00 - 23:00
22:15 라스트오더
접기",https://ldb-phinf.pstatic.net/20231222_280/1703204367564F6mxf_JPEG/%BB%EF%B0%E3%BB%EC_%C0%FA%BF%EB%B7%AE.jpg,518,4.66,452,37.2917451,127.0476918,"단체 이용 가능, 무선 인터넷, 남/녀 화장실 구분, 예약, 대기공간, 주차",,,240,https://map.naver.com/p/search/%EA%B2%BD%EA%B8%B0%EB%8C%80%20%EC%88%98%EC%9B%90%EC%BA%A0%ED%8D%BC%EC%8A%A4%20%ED%95%9C%EC%8B%9D/place/1950597058,"수원베스트10,광교중앙역삼겹살,광교중앙역고기집,광교삼겹살,광교중앙역고깃집",2024-01-09 20:59:56 +0900
정희 광교아브뉴프랑점,한식,"경기 수원시 영통구 센트럴타운로 85 1층 B110-1, 110-2호","경기도 수원시 영통구 이의동 1332 1층 B110-1, 110-2호",0507-1423-2998,,"곧 영업 종료
21:00에 영업 종료
21시 0분에 영업 종료매일
11:00 - 21:00
20:30 라스트오더
접기",https://ldb-phinf.pstatic.net/20231216_231/17026915676280XciQ_JPEG/%BF%DC%B0%FC%BB%E7%C1%F8.jpg,37,,14,37.2908214,127.0501007,"단체 이용 가능, 무선 인터넷, 유아의자, 남/녀 화장실 구분, 대기공간, 주차",,,21,https://map.naver.com/p/search/%EA%B2%BD%EA%B8%B0%EB%8C%80%20%EC%88%98%EC%9B%90%EC%BA%A0%ED%8D%BC%EC%8A%A4%20%ED%95%9C%EC%8B%9D/place/1977057224,"한식,퓨전한식,쌈밥,수제비,칼국수",2024-01-09 20:59:59 +0900
황금고래,조개요리,경기 수원시 영통구 대학로 20 1층 101호,경기도 수원시 영통구 이의동 1275-4 1층 101호,0507-1498-1258,,"영업 중
23:00에 영업 종료
23시 0분에 영업 종료화
17:00 - 23:00수
17:00 - 23:00목
17:00 - 23:00금
17:00 - 23:00토
12:00 - 23:00일
12:00 - 23:00월
17:00 - 23:00
접기",https://ldb-phinf.pstatic.net/20231027_267/1698385003323tszNy_JPEG/KakaoTalk_20231027_113711376_03.jpg,27,,38,37.2983185,127.0427435,"단체 이용 가능, 무선 인터넷, 남/녀 화장실 구분, 주차",,https://www.instagram.com/goldwhale_official/,22,https://map.naver.com/p/search/%EA%B2%BD%EA%B8%B0%EB%8C%80%20%EC%88%98%EC%9B%90%EC%BA%A0%ED%8D%BC%EC%8A%A4%20%ED%95%9C%EC%8B%9D/place/1254676769,"조개찜,조개구이,수원역,광교역,조개요리",2024-01-09 21:00:00 +0900
장비빔국수와 굴국밥 보쌈 수원본점,한식,경기 수원시 장안구 수원천로 439,경기도 수원시 장안구 영화동 380-9,050-7987-5494,,"영업 중
21:00에 라스트오더
21시 0분에 라스트오더매일
11:30 - 22:00
21:00 라스트오더
접기",https://ldb-phinf.pstatic.net/20221003_62/1664793469765lpcPC_JPEG/Screenshot_20221003_193727_TISTORY.jpg,414,4.11,360,37.29178256,127.0212089,"단체 이용 가능, 주차, 발렛파킹, 무선 인터넷, 남/녀 화장실 구분",,https://blog.naver.com/ssong10921,83,https://map.naver.com/p/search/%EA%B2%BD%EA%B8%B0%EB%8C%80%20%EC%88%98%EC%9B%90%EC%BA%A0%ED%8D%BC%EC%8A%A4%20%ED%95%9C%EC%8B%9D/place/1004699369,"보쌈,비빔국수,굴국밥,들깨수제비,매생이굴국밥",2024-01-09 21:00:02 +0900
어랑다랑,생선회,경기 수원시 영통구 대학1로 20,경기도 수원시 영통구 이의동 1274-5,031-211-8844,,"영업 중
22:00에 라스트오더
22시 0분에 라스트오더화
17:00 - 23:00
22:00 라스트오더수
17:00 - 23:00
22:00 라스트오더목
17:00 - 23:00
22:00 라스트오더금
17:00 - 23:00
22:00 라스트오더토
17:00 - 23:00
22:00 라스트오더일
정기휴무 (매주 일요일)월
17:00 - 23:00
22:00 라스트오더
접기",https://ldb-phinf.pstatic.net/20240106_82/1704541750663X77YY_JPEG/20231215_231226.jpg,60,4.4,274,37.29819577,127.0432023,"예약, 단체 이용 가능, 주차, 포장, 남/녀 화장실 구분, 배달, 무선 인터넷",,https://blog.naver.com/kimbs8844,36,https://map.naver.com/p/search/%EA%B2%BD%EA%B8%B0%EB%8C%80%20%EC%88%98%EC%9B%90%EC%BA%A0%ED%8D%BC%EC%8A%A4%20%ED%95%9C%EC%8B%9D/place/37486060,"활어회,초밥,매운탕,참다랑어,참치",2024-01-09 21:00:04 +0900
개성손만두 수원월드컵점,"칼국수,만두",경기 수원시 팔달구 월드컵로 319 개성손만두 수원월드컵점,경기도 수원시 팔달구 우만동 518-1 개성손만두 수원월드컵점,031-241-0222,,"영업 종료
09:00에 영업 시작
9시 0분에 영업 시작화
09:00 - 21:00수
09:00 - 21:00목
09:00 - 21:00금
09:00 - 21:00토
09:00 - 21:00일
09:00 - 21:00월
09:00 - 21:00- 명절 당일포함 2일 휴무
접기",https://ldb-phinf.pstatic.net/20221102_159/1667352706591RCX9e_JPEG/in-1.jpg,637,4.39,149,37.2865975,127.0337843,"예약, 포장, 무선 인터넷, 단체 이용 가능, 주차",,http://www.365food.com/gsms,131,https://map.naver.com/p/search/%EA%B2%BD%EA%B8%B0%EB%8C%80%20%EC%88%98%EC%9B%90%EC%BA%A0%ED%8D%BC%EC%8A%A4%20%ED%95%9C%EC%8B%9D/place/1301127452,"수제만두,만두전골,칼국수,손만두,봉녕사",2024-01-09 21:00:13 +0900
조선부뚜막 광교역점,"육류,고기요리",경기 수원시 영통구 대학1로8번길 45 1층,경기도 수원시 영통구 이의동 1272-2 1층,0507-1365-9849,,"영업 중
22:30에 라스트오더
22시 30분에 라스트오더화
16:00 - 23:00
22:30 라스트오더수
16:00 - 23:00
22:30 라스트오더목
16:00 - 23:00
22:30 라스트오더금
16:00 - 23:00
22:30 라스트오더토
11:00 - 23:00
22:30 라스트오더일
11:00 - 23:00
22:30 라스트오더월
16:00 - 23:00
22:30 라스트오더
접기",https://ldb-phinf.pstatic.net/20231205_283/1701772294288QamEk_JPEG/%C1%B6%BC%B1%BA%CE%B6%D1%B8%B7_%B1%A4%B1%B3%BF%AA_%B0%E6%B1%E2%B4%EB_%BB%EF%B0%E3%BB%EC_%C8%B8%BD%C421.jpg,389,,185,37.2985609,127.0439639,"단체 이용 가능, 포장, 예약, 무선 인터넷, 대기공간, 주차",,,282,https://map.naver.com/p/search/%EA%B2%BD%EA%B8%B0%EB%8C%80%20%EC%88%98%EC%9B%90%EC%BA%A0%ED%8D%BC%EC%8A%A4%20%ED%95%9C%EC%8B%9D/place/1483250944,"삼겹살,목살,솥뚜껑,소고기,한우",2024-01-09 21:00:15 +0900
상원회관,소고기구이,경기 수원시 영통구 대학1로 12 1층,경기도 수원시 영통구 이의동 1276-9 1층,031-214-2580,,"영업 중
21:00에 라스트오더
21시 0분에 라스트오더화
11:30 - 22:00
21:00 라스트오더수
11:30 - 22:00
21:00 라스트오더목
11:30 - 22:00
21:00 라스트오더금
11:30 - 22:00
21:00 라스트오더토
11:30 - 22:00
21:00 라스트오더일
11:30 - 21:00
20:00 라스트오더월
11:30 - 22:00
21:00 라스트오더
접기",https://ldb-phinf.pstatic.net/20230323_202/1679543534481XvSFB_JPEG/20221119_113402-02.jpeg,"1,610",4.92,187,37.2976081,127.0426603,"단체 이용 가능, 포장, 남/녀 화장실 구분, 예약, 무선 인터넷, 주차",,,"1,202",https://map.naver.com/p/search/%EA%B2%BD%EA%B8%B0%EB%8C%80%20%EC%88%98%EC%9B%90%EC%BA%A0%ED%8D%BC%EC%8A%A4%20%ED%95%9C%EC%8B%9D/place/1725971291,"광교한우,광교소고기,광교고기집,수원소고기,수원한우",2024-01-09 21:00:18 +0900
예전각설렁탕,"곰탕,설렁탕",경기 수원시 장안구 경수대로 813,경기도 수원시 장안구 영화동 97-9,031-245-2003,,"24시간 영업
연중무휴
연중무휴매일
00:00 - 24:00
접기",http://blogfiles.naver.net/MjAxNzAzMDFfMjgx/MDAxNDg4MzU0NDcxMDIz.U36k6LCcjnHX1KnTMF36vaaY8xGY0vZPZpS9pNCS1CQg.cmbz1I2pYv9mQ8P6bmTXtNOmijL8jiExexUyB7th9VEg.JPEG.9400rpm/%BC%F6%BF%F8_%BF%B9%C0%FC%B0%A2_%BC%B3%B7%B7%C5%C1_%285%29.jpg#960x540,846,4.39,242,37.29418703,127.0169432,"예약, 단체 이용 가능, 주차, 포장",,,132,https://map.naver.com/p/search/%EA%B2%BD%EA%B8%B0%EB%8C%80%20%EC%88%98%EC%9B%90%EC%BA%A0%ED%8D%BC%EC%8A%A4%20%ED%95%9C%EC%8B%9D/place/38462922,"설렁탕,통도가니탕,갈비탕,수육,막국수",2024-01-09 21:00:18 +0900
명륜진사갈비 수원광교점,"육류,고기요리",경기 수원시 영통구 센트럴타운로 111 2층 명륜진사갈비 광교점,경기도 수원시 영통구 이의동 1330 2층 명륜진사갈비 광교점,031-213-9295,,"영업 중
21:00에 라스트오더
21시 0분에 라스트오더화
11:30 - 22:00
15:00 - 17:00 브레이크타임
21:00 라스트오더수
11:30 - 22:00
15:00 - 17:00 브레이크타임
21:00 라스트오더목
11:30 - 22:00
15:00 - 17:00 브레이크타임
21:00 라스트오더금
11:30 - 22:00
15:00 - 17:00 브레이크타임
21:00 라스트오더토
11:30 - 22:00
21:00 라스트오더일
11:30 - 22:00
21:00 라스트오더월
11:30 - 22:00
15:00 - 17:00 브레이크타임
21:00 라스트오더- 매일 저녁9시 라스트오더 및 입장마감입니다
접기",https://ldb-phinf.pstatic.net/20221228_262/1672186888662rv8xD_JPEG/KakaoTalk_20221227_181003568_28.jpg,247,,260,37.29256015,127.0491307,"단체 이용 가능, 주차, 무선 인터넷",,https://blog.naver.com/jinsafd,52,https://map.naver.com/p/search/%EA%B2%BD%EA%B8%B0%EB%8C%80%20%EC%88%98%EC%9B%90%EC%BA%A0%ED%8D%BC%EC%8A%A4%20%ED%95%9C%EC%8B%9D/place/1451972784,"명륜진사갈비,광교무한리필,명륜진사갈비광교,무한리필,돼지갈비",2024-01-09 21:00:20 +0900
어부가,"해물,생선요리",경기 수원시 영통구 대학1로64번길 46 1층,경기도 수원시 영통구 이의동 1261-9 1층,031-211-1911,,"영업 중
24:00에 영업 종료
0시 0분에 영업 종료화
10:00 - 24:00수
10:00 - 24:00목
10:00 - 24:00금
10:00 - 24:00토
10:00 - 24:00일(1/14)
정기휴무 (격주 일요일)월
10:00 - 24:00격주 일요일 정기 휴무
접기",https://ldb-phinf.pstatic.net/20231114_141/1699955091638W2dtz_JPEG/temp_file.jpg,66,,49,37.2988728,127.0444565,"무선 인터넷, 예약, 단체 이용 가능, 주차, 남/녀 화장실 구분, 포장, 반려동물 동반, 유아의자",,https://www.instagram.com/a_buga_real/,51,https://map.naver.com/p/search/%EA%B2%BD%EA%B8%B0%EB%8C%80%20%EC%88%98%EC%9B%90%EC%BA%A0%ED%8D%BC%EC%8A%A4%20%ED%95%9C%EC%8B%9D/place/1221779298,"광교생선구이,광교해물파전,광교매운탕,광교해산물,광교식당",2024-01-09 21:00:23 +0900
하남돼지집 광교아브뉴프랑점,돼지고기구이,경기 수원시 영통구 센트럴타운로 85 광교아브뉴프랑 C121호,경기도 수원시 영통구 이의동 1332,0507-1489-8284,,"영업 중
21:50에 라스트오더
21시 50분에 라스트오더화
17:00 - 22:50
21:50 라스트오더수
17:00 - 22:50
21:50 라스트오더목
17:00 - 22:50
21:50 라스트오더금
17:00 - 22:50
21:50 라스트오더토
17:00 - 22:50
21:50 라스트오더일
17:00 - 22:50
21:50 라스트오더월
17:00 - 22:50
21:50 라스트오더
접기",https://ldb-phinf.pstatic.net/20231012_229/16971107389133ltQd_JPEG/temp_file.jpg,378,,218,37.2916708,127.0504516,"단체 이용 가능, 포장, 남/녀 화장실 구분, 무선 인터넷, 예약, 배달, 주차",,,171,https://map.naver.com/p/search/%EA%B2%BD%EA%B8%B0%EB%8C%80%20%EC%88%98%EC%9B%90%EC%BA%A0%ED%8D%BC%EC%8A%A4%20%ED%95%9C%EC%8B%9D/place/36547594,"광교고기집,삼겹살,광교호수공원,광교삼겹살,광교회식",2024-01-09 21:00:23 +0900
기달임 돼지곰탕 광교점,"곰탕,설렁탕",경기 수원시 영통구 창룡대로256번길 77 1층 107호,경기도 수원시 영통구 이의동 1286 1층 107호,0507-1400-6628,,"영업 종료
11:00에 영업 시작
11시 0분에 영업 시작화
11:00 - 20:00
15:00 - 17:00 브레이크타임
19:30 라스트오더수
11:00 - 20:00
15:00 - 17:00 브레이크타임
19:30 라스트오더목
11:00 - 20:00
15:00 - 17:00 브레이크타임
19:30 라스트오더금
11:00 - 20:00
15:00 - 17:00 브레이크타임
19:30 라스트오더토
정기휴무 (매주 토요일)일
정기휴무 (매주 일요일)월
11:00 - 20:00
15:00 - 17:00 브레이크타임
19:30 라스트오더
접기",https://ldb-phinf.pstatic.net/20231215_176/17025703810946Qb9R_JPEG/231209_K9172.jpg,14,,0,37.295951,127.0409863,"무선 인터넷, 남/녀 화장실 구분, 간편결제, 주차",,,10,https://map.naver.com/p/search/%EA%B2%BD%EA%B8%B0%EB%8C%80%20%EC%88%98%EC%9B%90%EC%BA%A0%ED%8D%BC%EC%8A%A4%20%ED%95%9C%EC%8B%9D/place/1108800046,"곰탕,식당,국밥,해장국,돼지곰탕",2024-01-09 21:00:33 +0900
마라도해물탕&찜 광교점,"매운탕,해물탕",경기 수원시 영통구 대학로 56 1층,경기도 수원시 영통구 이의동 1248 1층,0507-1322-7156,,"영업 중
22:00에 영업 종료
22시 0분에 영업 종료화
11:30 - 22:00수
11:30 - 22:00목
11:30 - 22:00금
11:30 - 22:00토
11:30 - 22:00일
11:30 - 22:00월
정기휴무 (매주 월요일)
접기",https://ldb-phinf.pstatic.net/20230324_137/1679627340822xgl2Y_PNG/1.png,547,4.61,121,37.30067697,127.0451961,"단체 이용 가능, 포장, 배달, 예약, 무선 인터넷, 남/녀 화장실 구분, 주차",,http://www.maradoseafood.com,301,https://map.naver.com/p/search/%EA%B2%BD%EA%B8%B0%EB%8C%80%20%EC%88%98%EC%9B%90%EC%BA%A0%ED%8D%BC%EC%8A%A4%20%ED%95%9C%EC%8B%9D/place/1783093160,"해물탕,해물찜,아구찜,막회,대하구이",2024-01-09 21:00:37 +0900
국수집,국수,경기 수원시 장안구 창훈로66번길 16-14 신라족발,경기도 수원시 장안구 연무동 24-1 신라족발,031-258-1635,,"영업 종료
11:00에 영업 시작
11시 0분에 영업 시작화
11:00 - 17:00수
11:00 - 17:00목
11:00 - 17:00금
11:00 - 17:00토
11:00 - 17:00일
정기휴무 (매주 일요일)월
11:00 - 17:00- 육수가 소진되면 문닫아요.
접기",https://ldb-phinf.pstatic.net/20201130_159/16067328225567Xquw_JPEG/Xk18GWmt1hG3QTCKVns9osWp.jpg,49,4.43,74,37.29807287,127.0297085,,,http://instagram.com/eunjinin3401,17,https://map.naver.com/p/search/%EA%B2%BD%EA%B8%B0%EB%8C%80%20%EC%88%98%EC%9B%90%EC%BA%A0%ED%8D%BC%EC%8A%A4%20%ED%95%9C%EC%8B%9D/place/969291944,"열무국수,칼국수,잔치국수,손칼국수",2024-01-09 21:00:40 +0900
소소곱창,"곱창,막창,양",경기 수원시 영통구 대학로 14 1층 소소곱창,경기도 수원시 영통구 이의동 1275-9 1층 소소곱창,0507-1384-1169,,"영업 중
23:00에 영업 종료
23시 0분에 영업 종료화
17:00 - 23:00수
17:00 - 23:00목
17:00 - 23:00금
17:00 - 23:00토
12:00 - 23:00일
12:00 - 23:00월
17:00 - 23:00
접기",https://ldb-phinf.pstatic.net/20210125_100/1611562434424gVwJc_JPEG/myPMkhVFzQfjavP9buBB6rt-.jpg,164,4.88,33,37.2979571,127.0423068,"예약, 주차, 단체 이용 가능, 남/녀 화장실 구분",,,94,https://map.naver.com/p/search/%EA%B2%BD%EA%B8%B0%EB%8C%80%20%EC%88%98%EC%9B%90%EC%BA%A0%ED%8D%BC%EC%8A%A4%20%ED%95%9C%EC%8B%9D/place/1744255477,"곱창,대창,막창,광교곱창,소곱창",2024-01-09 21:00:44 +0900
옛골칼국수,"칼국수,만두",경기 수원시 장안구 연무로7번길 4 대영빌라,경기도 수원시 장안구 연무동 240-5 대영빌라,031-246-2959,,"오늘 휴무
매주 화요일 휴무
매주 화요일 휴무화
정기휴무 (매주 화요일)수
11:00 - 21:00
15:00 - 16:30 브레이크타임목
11:00 - 21:00
15:00 - 16:30 브레이크타임금
11:00 - 21:00
15:00 - 16:30 브레이크타임토
11:00 - 21:00
15:00 - 16:30 브레이크타임일
11:00 - 21:00
15:00 - 16:30 브레이크타임월
11:00 - 21:00
15:00 - 16:30 브레이크타임
접기",https://ldb-phinf.pstatic.net/20191110_180/15733698557599bl4g_JPEG/aSn5cpR7G37PPXTj6jcKR1qI.jpeg.jpg,186,4.41,42,37.292857,127.0292345,,,,38,https://map.naver.com/p/search/%EA%B2%BD%EA%B8%B0%EB%8C%80%20%EC%88%98%EC%9B%90%EC%BA%A0%ED%8D%BC%EC%8A%A4%20%ED%95%9C%EC%8B%9D/place/33786154,,2024-01-09 21:00:45 +0900
이춘복참치 광교점,생선회,경기 수원시 영통구 센트럴타운로 85 아브뉴프랑 2층 B201호,경기도 수원시 영통구 이의동 1332 아브뉴프랑 2층 B201호,031-216-4558,,"영업 중
24:00에 영업 종료
0시 0분에 영업 종료화
11:00 - 24:00
14:30 - 16:30 브레이크타임수
11:00 - 24:00
14:30 - 16:30 브레이크타임목
11:00 - 24:00
14:30 - 16:30 브레이크타임금
11:00 - 24:00
14:30 - 16:30 브레이크타임토
11:00 - 24:00
14:30 - 16:30 브레이크타임일
11:00 - 24:00
14:30 - 16:30 브레이크타임월
11:00 - 24:00
14:30 - 16:30 브레이크타임
접기",https://ldb-phinf.pstatic.net/20200427_245/1587983453489LI8Mr_JPEG/NrqOLVn_ChvlSZ56H01itARo.jpg,"1,167",4.18,315,37.29076215,127.0495012,"주차, 단체 이용 가능, 포장, 남/녀 화장실 구분, 무선 인터넷, 예약",,http://lcbtuna.co.kr/,331,https://map.naver.com/p/search/%EA%B2%BD%EA%B8%B0%EB%8C%80%20%EC%88%98%EC%9B%90%EC%BA%A0%ED%8D%BC%EC%8A%A4%20%ED%95%9C%EC%8B%9D/place/1907405218,"무한리필참치,회덮밥,단체예약,룸완비,주차완비",2024-01-09 21:00:48 +0900
아지매해물칼국수,"칼국수,만두",경기 수원시 팔달구 월드컵로 379,경기도 수원시 팔달구 우만동 466,031-207-6594,,"영업 종료
11:00에 영업 시작
11시 0분에 영업 시작화
11:00 - 20:00
19:00 라스트오더수
11:00 - 20:00
19:00 라스트오더목
11:00 - 20:00
19:00 라스트오더금
11:00 - 20:00
19:00 라스트오더토
11:00 - 20:00
19:00 라스트오더일
정기휴무 (매주 일요일)월
11:00 - 20:00
19:00 라스트오더
접기",https://ldb-phinf.pstatic.net/20160118_146/1453081142033OUPVM_JPEG/176062566757365_0.jpeg,128,4.29,78,37.29084607,127.029638,"예약, 단체 이용 가능, 주차, 포장, 남/녀 화장실 구분",,,28,https://map.naver.com/p/search/%EA%B2%BD%EA%B8%B0%EB%8C%80%20%EC%88%98%EC%9B%90%EC%BA%A0%ED%8D%BC%EC%8A%A4%20%ED%95%9C%EC%8B%9D/place/21134052,"해물칼국수,만두전골,김치만두,수원칼국수,수원만두",2024-01-09 21:00:50 +0900
제주살이,한식,경기 수원시 영통구 센트럴타운로 106 1층 107호,경기도 수원시 영통구 이의동 1322-5 1층 107호,0507-1348-4765,,"영업 중
21:00에 라스트오더
21시 0분에 라스트오더매일
11:00 - 21:30
21:00 라스트오더
접기",https://ldb-phinf.pstatic.net/20231209_182/1702089362807rygiu_JPEG/Screenshot_20231209_104344_Samsung_Internet.jpg,165,,112,37.2927376,127.0501574,"포장, 무선 인터넷, 남/녀 화장실 구분, 유아의자, 단체 이용 가능, 예약, 주차",,,119,https://map.naver.com/p/search/%EA%B2%BD%EA%B8%B0%EB%8C%80%20%EC%88%98%EC%9B%90%EC%BA%A0%ED%8D%BC%EC%8A%A4%20%ED%95%9C%EC%8B%9D/place/1659117306,"제주도,고기국수,제주",2024-01-09 21:00:53 +0900
잠수교집 광교 직영점,돼지고기구이,경기 수원시 영통구 센트럴타운로 85 203동 지하1층 cb13-cb14,경기도 수원시 영통구 이의동 1332 203동 지하1층 cb13-cb14,0507-1380-0434,,"영업 중
22:30에 영업 종료
22시 30분에 영업 종료매일
11:30 - 22:30
접기",https://ldb-phinf.pstatic.net/20230910_67/1694317500657IwQ7f_JPEG/20230819_173018.jpg,160,,450,37.29075818,127.0517586,"예약, 남/녀 화장실 구분, 단체 이용 가능, 반려동물 동반, 주차",,,160,https://map.naver.com/p/search/%EA%B2%BD%EA%B8%B0%EB%8C%80%20%EC%88%98%EC%9B%90%EC%BA%A0%ED%8D%BC%EC%8A%A4%20%ED%95%9C%EC%8B%9D/place/1429854812,"삼겹살,냉동삼겹살,고기집,고깃집,회식",2024-01-09 21:00:53 +0900
송도갈비 광교월드마크점,"육류,고기요리",경기 수원시 영통구 센트럴타운로 107 2층,경기도 수원시 영통구 이의동 1331 2층,031-216-9161,,"영업 중
22:00에 영업 종료
22시 0분에 영업 종료매일
11:30 - 22:00
접기",https://ldb-phinf.pstatic.net/20200323_246/1584948029963VVEKm_JPEG/2LvRwBUe5fNG1JVT3J9vnIg6.jpg,488,4.38,142,37.29175619,127.0482498,"단체 이용 가능, 예약, 주차, 무선 인터넷, 발렛파킹, 포장, 남/녀 화장실 구분",,https://blog.naver.com/sfg_story,104,https://map.naver.com/p/search/%EA%B2%BD%EA%B8%B0%EB%8C%80%20%EC%88%98%EC%9B%90%EC%BA%A0%ED%8D%BC%EC%8A%A4%20%ED%95%9C%EC%8B%9D/place/1684776920,"송도갈비,천지연,양념갈비,소양념갈비,생한돈양념구이",2024-01-09 21:01:01 +0900
사또통족발 경기본점,"족발,보쌈",경기 수원시 장안구 연무로 37-2,경기도 수원시 장안구 연무동 237-7,0507-1342-8263,,"영업 중
22:00에 영업 종료
22시 0분에 영업 종료화
15:00 - 22:00수
15:00 - 22:00목
15:00 - 22:00금
15:00 - 22:00토
15:00 - 22:00일
15:00 - 22:00월
정기휴무 (매주 월요일)- 매장 10시마감 포장배달11시까지 운영 메뉴품절시 마감
접기",https://ldb-phinf.pstatic.net/20210721_106/16268405135417BrXW_JPEG/cqcttf-LLb7w4vvaG7V23tYg.jpg,,4.58,454,37.29481538,127.0271009,"예약, 포장, 배달, 단체 이용 가능",,https://sattojobal.modoo.at,,https://map.naver.com/p/search/%EA%B2%BD%EA%B8%B0%EB%8C%80%20%EC%88%98%EC%9B%90%EC%BA%A0%ED%8D%BC%EC%8A%A4%20%ED%95%9C%EC%8B%9D/place/21855010,"족발,보쌈,마늘족발,포장,배달",2024-01-09 21:01:02 +0900
돈블랑 광교역점,"육류,고기요리",경기 수원시 영통구 대학로 60,경기도 수원시 영통구 이의동 1248-2,031-215-8295,,"영업 중
21:30에 라스트오더
21시 30분에 라스트오더매일
11:30 - 22:00
21:30 라스트오더
접기",https://ldb-phinf.pstatic.net/20190829_285/1567036313335kvdmC_JPEG/0GCen9Fq0QJEsLXXvjjkK_IW.jpg,293,4.46,203,37.3007152,127.0459278,"단체 이용 가능, 예약, 남/녀 화장실 구분, 포장, 주차, 무선 인터넷",,https://blog.naver.com/toto3564,65,https://map.naver.com/p/search/%EA%B2%BD%EA%B8%B0%EB%8C%80%20%EC%88%98%EC%9B%90%EC%BA%A0%ED%8D%BC%EC%8A%A4%20%ED%95%9C%EC%8B%9D/place/1527762894,"광교삼겹살,수원광교역삼겹살,수원광교역삼겹살집,광교역삼겹살,광교고기집",2024-01-09 21:01:03 +0900
종로감자탕순대국 수원광교점,감자탕,경기 수원시 영통구 대학1로54번길 16 101호,경기도 수원시 영통구 이의동 1261-5 101호,0507-1379-0667,,"영업 중
22:30에 라스트오더
22시 30분에 라스트오더화
10:30 - 23:00
22:30 라스트오더수
10:30 - 23:00
22:30 라스트오더목
10:30 - 23:00
22:30 라스트오더금
10:30 - 23:00
22:30 라스트오더토
10:30 - 23:00
22:30 라스트오더일
정기휴무 (매주 일요일)월
10:30 - 23:00
22:30 라스트오더
접기",https://ldb-phinf.pstatic.net/20231108_45/1699446990862jijdA_JPEG/1698673246727.jpg,17,,3,37.2990878,127.0449294,"포장, 예약, 무선 인터넷, 간편결제, 주차",,,12,https://map.naver.com/p/search/%EA%B2%BD%EA%B8%B0%EB%8C%80%20%EC%88%98%EC%9B%90%EC%BA%A0%ED%8D%BC%EC%8A%A4%20%ED%95%9C%EC%8B%9D/place/1751922620,"감자탕,순대국,선지해장국,뼈해장국",2024-01-09 21:01:08 +0900
화홍문갈비,"육류,고기요리",경기 수원시 장안구 월드컵로 438 화홍문갈비,경기도 수원시 장안구 연무동 250-28,0507-1486-8993,,"영업 중
21:30에 영업 종료
21시 30분에 영업 종료화
11:00 - 21:30수
11:00 - 21:30목
11:00 - 21:30금
11:00 - 21:30토
11:00 - 21:30일
11:00 - 21:30월
11:00 - 21:30
접기",https://ldb-phinf.pstatic.net/20201013_264/1602523329324Mcc3W_JPEG/121194073_703662387168432_6866965554241625577_n.jpg,278,4.33,41,37.2943858,127.0247153,"단체 이용 가능, 주차, 포장, 예약, 무선 인터넷, 반려동물 동반, 남/녀 화장실 구분, 장애인 편의시설",,http://instagram.com/hwahongmun__galbi,80,https://map.naver.com/p/search/%EA%B2%BD%EA%B8%B0%EB%8C%80%20%EC%88%98%EC%9B%90%EC%BA%A0%ED%8D%BC%EC%8A%A4%20%ED%95%9C%EC%8B%9D/place/1145575879,"생갈비,양념갈비,돼지갈비,한우,함흥냉면",2024-01-09 21:01:12 +0900
개수리막국수 경기도청점,막국수,경기 수원시 영통구 센트럴타운로 103 더블유타워 1층 107~110호,경기도 수원시 영통구 이의동 1330-1 더블유타워 1층 107~110호,0507-1314-1703,,"영업 종료
11:00에 영업 시작
11시 0분에 영업 시작화
11:00 - 21:00
15:00 - 17:00 브레이크타임
20:30 라스트오더수
11:00 - 21:00
15:00 - 17:00 브레이크타임
20:30 라스트오더목
11:00 - 21:00
15:00 - 17:00 브레이크타임
20:30 라스트오더금
11:00 - 21:00
15:00 - 17:00 브레이크타임
20:30 라스트오더토
11:00 - 21:00
15:00 - 17:00 브레이크타임
20:30 라스트오더일
11:00 - 21:00
15:00 - 17:00 브레이크타임
20:30 라스트오더월
11:00 - 21:00
15:00 - 17:00 브레이크타임
20:30 라스트오더
접기",https://ldb-phinf.pstatic.net/20230111_85/1673420779531AXP4A_JPEG/%B8%DE%C0%CE%C0%CC%B9%CC%C1%F6.jpg,168,,691,37.29216959,127.0497802,"단체 이용 가능, 주차, 포장, 예약, 무선 인터넷, 남/녀 화장실 구분",,http://www.xn--h49a0yy2yld457bda.kr,81,https://map.naver.com/p/search/%EA%B2%BD%EA%B8%B0%EB%8C%80%20%EC%88%98%EC%9B%90%EC%BA%A0%ED%8D%BC%EC%8A%A4%20%ED%95%9C%EC%8B%9D/place/1551959571,"막국수,수제비,메밀,치킨,수육",2024-01-09 21:01:12 +0900
바다향왕코다리 광교점,"해물,생선요리","경기 수원시 영통구 대학3로4번길 7 지하1층(로비층) 111,112,113호","경기도 수원시 영통구 이의동 1256-3 지하1층(로비층) 111,112,113호",031-211-8500,,"영업 중
22:00에 영업 종료
22시 0분에 영업 종료매일
11:00 - 22:00
접기",,141,4.19,74,37.29995568,127.0429366,"단체 이용 가능, 주차, 포장, 배달, 남/녀 화장실 구분, 예약",,,141,https://map.naver.com/p/search/%EA%B2%BD%EA%B8%B0%EB%8C%80%20%EC%88%98%EC%9B%90%EC%BA%A0%ED%8D%BC%EC%8A%A4%20%ED%95%9C%EC%8B%9D/place/38013111,"코다리조림,경기대후문,화덕생선구이",2024-01-09 21:01:12 +0900
수향닭발,닭발,경기 수원시 팔달구 세지로 403,경기도 수원시 팔달구 우만동 491-10,0507-1348-0277,,"영업 중
24:00에 영업 종료
0시 0분에 영업 종료화
15:00 - 24:00수
15:00 - 24:00목
15:00 - 24:00금
15:00 - 24:00토
15:00 - 24:00일
정기휴무 (매주 일요일)월
15:00 - 24:00
접기",https://ldb-phinf.pstatic.net/20230403_50/1680503313023h24eV_JPEG/KakaoTalk_20230330_162414812.jpg,259,,263,37.28542168,127.0289936,"무선 인터넷, 포장, 단체 이용 가능, 배달, 예약",,https://2070277.modoo.at,146,https://map.naver.com/p/search/%EA%B2%BD%EA%B8%B0%EB%8C%80%20%EC%88%98%EC%9B%90%EC%BA%A0%ED%8D%BC%EC%8A%A4%20%ED%95%9C%EC%8B%9D/place/1367261147,"국물닭발,닭발,술집,무뼈닭발,닭발배달",2024-01-09 21:01:14 +0900
그대에게 광교점,대게요리,경기 수원시 영통구 센트럴파크로127번길 80-6 1층 그대에게,경기도 수원시 영통구 이의동 1305-5 1층 그대에게,0507-1449-1771,,"영업 중
20:30에 라스트오더
20시 30분에 라스트오더화
12:00 - 22:00
20:30 라스트오더수
12:00 - 22:00
20:30 라스트오더목
12:00 - 22:00
20:30 라스트오더금
12:00 - 22:00
20:30 라스트오더토
11:00 - 22:00
20:30 라스트오더일
11:00 - 21:00
19:30 라스트오더월
정기휴무 (매주 월요일)- 공휴일·명절 모두 정상 운영
접기",https://ldb-phinf.pstatic.net/20230104_226/1672826150561I32aj_JPEG/%B8%DE%B4%BA_%BB%E7%C1%F8_%282%29.jpg,175,4.73,80,37.29442266,127.0516329,"단체 이용 가능, 주차, 포장, 배달, 예약, 무선 인터넷, 남/녀 화장실 구분",,,105,https://map.naver.com/p/search/%EA%B2%BD%EA%B8%B0%EB%8C%80%20%EC%88%98%EC%9B%90%EC%BA%A0%ED%8D%BC%EC%8A%A4%20%ED%95%9C%EC%8B%9D/place/1280405270,"대게포장,대게배달,데이트코스,킹크랩,랍스터",2024-01-09 21:01:24 +0900
진배기고깃간 광교점,"육류,고기요리","경기 수원시 영통구 대학1로58번길 5 1층, 광교종합 사회복지관 앞에 위치해 있습니다^^","경기도 수원시 영통구 이의동 1263-13 1층, 광교종합 사회복지관 앞에 위치해 있습니다^^",0507-1460-1193,,"영업 중
22:00에 영업 종료
22시 0분에 영업 종료화
11:30 - 22:00수
11:30 - 22:00목
11:30 - 22:00금
11:30 - 22:00토
11:30 - 22:00일
11:30 - 22:00월
11:30 - 22:00
접기",https://ldb-phinf.pstatic.net/20231019_168/1697704039717BNBF9_JPEG/temp_file.jpg,389,4.79,223,37.29916516,127.0459485,"예약, 단체 이용 가능, 주차, 포장, 남/녀 화장실 구분, 무선 인터넷",,,145,https://map.naver.com/p/search/%EA%B2%BD%EA%B8%B0%EB%8C%80%20%EC%88%98%EC%9B%90%EC%BA%A0%ED%8D%BC%EC%8A%A4%20%ED%95%9C%EC%8B%9D/place/1041835003,"광교소고기,광교역고기,김치찌개,경기대후문,회식",2024-01-09 21:01:25 +0900
광교산백년숯불구이쌈밥,쌈밥,경기 수원시 장안구 광교산로 240 . 1층,경기도 수원시 장안구 하광교동 332 . 1층,0507-1352-3902,,"영업 종료
10:00에 영업 시작
10시 0분에 영업 시작매일
10:00 - 21:00
접기",https://ldb-phinf.pstatic.net/20230424_93/1682302222022HNg7h_PNG/KakaoTalk_20230419_154036011_25_%BA%B9%BB%E7.png,92,,13,37.3084816,127.0291803,"주차, 포장, 예약, 무선 인터넷, 남/녀 화장실 구분",,http://www.100ssam.kr,56,https://map.naver.com/p/search/%EA%B2%BD%EA%B8%B0%EB%8C%80%20%EC%88%98%EC%9B%90%EC%BA%A0%ED%8D%BC%EC%8A%A4%20%ED%95%9C%EC%8B%9D/place/1532176223,"숯불구이,쌈밥,코다리조림,불낙전골,광교산",2024-01-09 21:01:26 +0900
후호정,"족발,보쌈",경기 수원시 영통구 센트럴타운로 107 푸르지오 월드마크 1층11호,경기도 수원시 영통구 이의동 1331 푸르지오 월드마크 1층11호,031-212-7909,,"영업 중
21:00에 라스트오더
21시 0분에 라스트오더화
11:30 - 21:30
15:00 - 17:00 브레이크타임
21:00 라스트오더수
11:30 - 21:30
15:00 - 17:00 브레이크타임
21:00 라스트오더목
11:30 - 21:30
15:00 - 17:00 브레이크타임
21:00 라스트오더금
11:30 - 21:30
15:00 - 17:00 브레이크타임
21:00 라스트오더토
11:30 - 21:30
16:00 - 17:00 브레이크타임
21:00 라스트오더일
정기휴무 (매주 일요일)월
11:30 - 21:30
15:00 - 17:00 브레이크타임
21:00 라스트오더
접기",https://ldb-phinf.pstatic.net/20220512_212/16523191188427Gub3_JPEG/KakaoTalk_20220324_180913026_02.jpg,193,,159,37.291551,127.0479272,"주차, 예약, 무선 인터넷, 포장, 남/녀 화장실 구분",,https://www.instagram.com/hoo.ho__jung,98,https://map.naver.com/p/search/%EA%B2%BD%EA%B8%B0%EB%8C%80%20%EC%88%98%EC%9B%90%EC%BA%A0%ED%8D%BC%EC%8A%A4%20%ED%95%9C%EC%8B%9D/place/1355502607,"광교중앙역족발,광교칼국수,광교곰탕,광교월드마크족발칼국수,광교족발",2024-01-09 21:01:38 +0900
등촌샤브칼국수 경기대역점,"칼국수,만두",경기 수원시 영통구 대학3로 7 광교 나보나스퀘어 2층 201호,경기도 수원시 영통구 이의동 1254 광교 나보나스퀘어 2층 201호,0507-1397-1119,,"오늘 휴무
매주 화요일 휴무
매주 화요일 휴무화
정기휴무 (매주 화요일)수
10:30 - 21:30
20:30 라스트오더목
10:30 - 21:30
20:30 라스트오더금
10:30 - 21:30
20:30 라스트오더토
10:30 - 21:30
20:30 라스트오더일
10:30 - 21:30
20:30 라스트오더월
10:30 - 21:30
20:30 라스트오더- 브레이크타임 없이 운영 합니다.
접기",https://ldb-phinf.pstatic.net/20230117_182/1673966724339m5DHg_PNG/IMG_20210504_1.png,73,,63,37.2998203,127.0421299,"주차, 단체 이용 가능, 포장, 배달, 예약, 무선 인터넷, 남/녀 화장실 구분",,,20,https://map.naver.com/p/search/%EA%B2%BD%EA%B8%B0%EB%8C%80%20%EC%88%98%EC%9B%90%EC%BA%A0%ED%8D%BC%EC%8A%A4%20%ED%95%9C%EC%8B%9D/place/1652407876,"얼큰칼국수,맑은칼국수",2024-01-09 21:01:44 +0900
배대감 갈비촌,"육류,고기요리",경기 수원시 영통구 대학4로 40,경기도 수원시 영통구 이의동 1245-6,0507-1307-9588,,"영업 중
22:00에 영업 종료
22시 0분에 영업 종료매일
11:00 - 22:00
접기",https://ldb-phinf.pstatic.net/20180412_280/1523496454012lWFdu_JPEG/4u2ADxTZC78O5BW66cAxKHPC.jpg,307,4.46,323,37.2987954,127.0482307,"무선 인터넷, 주차, 예약, 단체 이용 가능, 포장",,,130,https://map.naver.com/p/search/%EA%B2%BD%EA%B8%B0%EB%8C%80%20%EC%88%98%EC%9B%90%EC%BA%A0%ED%8D%BC%EC%8A%A4%20%ED%95%9C%EC%8B%9D/place/37741689,"광교황소갈비,광교갈비,이의동황소갈비,수원황소갈비,갈비",2024-01-09 21:01:44 +0900
우사 광교점,"육류,고기요리",경기 수원시 영통구 센트럴타운로 85 지상2층 라온존 B227~B230호,경기도 수원시 영통구 이의동 1332 지상2층 라온존 B227~B230호,031-213-3122,,"영업 중
21:00에 라스트오더
21시 0분에 라스트오더매일
11:30 - 22:00
21:00 라스트오더
접기",https://ldb-phinf.pstatic.net/20231124_220/1700792009670sD6Er_JPEG/%BF%EC%BB%E7_%B1%A4%B1%B3_DID-5.jpg,13,,24,37.28997514,127.0512454,"단체 이용 가능, 포장, 예약, 남/녀 화장실 구분, 무선 인터넷, 유아의자, 대기공간, 주차",,,13,https://map.naver.com/p/search/%EA%B2%BD%EA%B8%B0%EB%8C%80%20%EC%88%98%EC%9B%90%EC%BA%A0%ED%8D%BC%EC%8A%A4%20%ED%95%9C%EC%8B%9D/place/1401067917,"한우짝갈비,한우꽃등심,한우꽃살,생갈비,우대갈비",2024-01-09 21:01:46 +0900
고베맨숀,"육류,고기요리",경기 수원시 영통구 대학1로58번길 6 광교사회복지관 주차장 뒷쪽 1층 고베맨,경기도 수원시 영통구 이의동 1262-1,0507-1304-4695,,"영업 중
21:30에 라스트오더
21시 30분에 라스트오더화
17:00 - 22:00
21:30 라스트오더수
17:00 - 22:00
21:30 라스트오더목
17:00 - 22:00
21:30 라스트오더금
17:00 - 22:00
21:30 라스트오더토
17:00 - 22:00
21:30 라스트오더일
17:00 - 22:00
21:30 라스트오더월
17:00 - 22:00
21:30 라스트오더- ■ 7인이상 고기메뉴 예약시 낮에 오픈 영업가능해요
접기",https://ldb-phinf.pstatic.net/20180504_57/1525359701885AFhIa_JPEG/nxAaj_hg0OY4WP83rbO91kr_.jpg,132,4.43,488,37.29936942,127.0458701,"예약, 주차, 남/녀 화장실 구분, 단체 이용 가능, 포장",,http://www.instagram.com/kobe_mansion_gwanggyo/,82,https://map.naver.com/p/search/%EA%B2%BD%EA%B8%B0%EB%8C%80%20%EC%88%98%EC%9B%90%EC%BA%A0%ED%8D%BC%EC%8A%A4%20%ED%95%9C%EC%8B%9D/place/1805415848,"광교_한우소고기,광교_한우,와인_광교,광교_와규",2024-01-09 21:02:15 +0900
경원해물찜 광교점,"아귀찜,해물찜",경기 수원시 영통구 센트럴파크로127번길 131-2 1층,경기도 수원시 영통구 이의동 1313-7 1층,0507-1497-0432,,"영업 중
21:00에 라스트오더
21시 0분에 라스트오더화
11:30 - 21:30
14:30 - 16:30 브레이크타임
14:00, 21:00 라스트오더수
11:30 - 21:30
14:30 - 16:30 브레이크타임
14:00, 21:00 라스트오더목
11:30 - 21:30
14:30 - 16:30 브레이크타임
14:00, 21:00 라스트오더금
11:30 - 21:30
14:30 - 16:30 브레이크타임
14:00, 21:00 라스트오더토
11:30 - 21:30
21:00 라스트오더일
11:30 - 21:30
21:00 라스트오더월
11:30 - 21:30
14:30 - 16:30 브레이크타임
14:00, 21:00 라스트오더- 주말 및 법적 공휴일은 브레이크 타임 없습니다.
접기",https://ldb-phinf.pstatic.net/20220519_148/1652940214578Evba4_JPEG/1652940072464.jpg,449,,178,37.294252,127.0546974,"포장, 무선 인터넷, 남/녀 화장실 구분, 주차, 단체 이용 가능, 예약, 배달",,https://www.instagram.com/jjim_kw.gg/,371,https://map.naver.com/p/search/%EA%B2%BD%EA%B8%B0%EB%8C%80%20%EC%88%98%EC%9B%90%EC%BA%A0%ED%8D%BC%EC%8A%A4%20%ED%95%9C%EC%8B%9D/place/1400881526,"광교해물찜,광교아구찜,영통해물찜,수원해물찜,수원아구찜",2024-01-09 21:04:32 +0900
보돌미역 광교 서씨점,"백반,가정식",경기 수원시 영통구 센트럴파크로127번길 80-5,경기도 수원시 영통구 이의동 1307-1,031-211-6971,,"오늘 휴무
매주 화요일 휴무
매주 화요일 휴무화
정기휴무 (매주 화요일)수
11:00 - 21:00
15:00 - 17:00 브레이크타임목
11:00 - 21:00
15:00 - 17:00 브레이크타임금
11:00 - 21:00
15:00 - 17:00 브레이크타임토
11:00 - 21:00
15:00 - 17:00 브레이크타임일
11:00 - 21:00
15:00 - 17:00 브레이크타임월
11:00 - 15:00
접기",https://ldb-phinf.pstatic.net/20170831_141/1504179597061XR05V_JPEG/dUIWb3CdZ99PQ0F1szpnqX5l.jpg,224,4.29,119,37.29423466,127.0513049,"예약, 단체 이용 가능, 주차, 포장, 무선 인터넷, 남/녀 화장실 구분",,http://www.bodolfood.com,42,https://map.naver.com/p/search/%EA%B2%BD%EA%B8%B0%EB%8C%80%20%EC%88%98%EC%9B%90%EC%BA%A0%ED%8D%BC%EC%8A%A4%20%ED%95%9C%EC%8B%9D/place/1825483885,"가자미미역국,미역국전문점,활전복미역국,전복요리,코다리조림",2024-01-09 21:04:36 +0900
월화식당 광교점,"육류,고기요리",경기 수원시 영통구 센트럴타운로 111 1층 119-120호,경기도 수원시 영통구 이의동 1330 1층 119-120호,0507-1344-6006,,"영업 중
22:15에 라스트오더
22시 15분에 라스트오더화
11:30 - 23:00
22:15 라스트오더수
11:30 - 23:00
22:15 라스트오더목
11:30 - 23:00
22:15 라스트오더금
11:30 - 23:00
22:15 라스트오더토
12:00 - 23:00
22:15 라스트오더일
12:00 - 22:30
21:45 라스트오더월
11:30 - 23:00
22:15 라스트오더
접기",https://ldb-phinf.pstatic.net/20230829_106/1693281774420MbOLk_PNG/%BF%F9%C8%AD%BD%C4%B4%E7_%B1%A4%B0%ED1.png,575,,319,37.2925601,127.0491306,"예약, 무선 인터넷, 남/녀 화장실 구분, 주차",,https://www.instagram.com/wolhwa_sikdang_gyo,349,https://map.naver.com/p/search/%EA%B2%BD%EA%B8%B0%EB%8C%80%20%EC%88%98%EC%9B%90%EC%BA%A0%ED%8D%BC%EC%8A%A4%20%ED%95%9C%EC%8B%9D/place/1279494281,"삼겹살,광교삼겹살,광교중앙역삼겹살,아주대삼겹살,광교고기집",2024-01-09 21:04:37 +0900
콩지팥찌,죽,경기 수원시 장안구 광교산로 160,경기도 수원시 장안구 하광교동 403-1,031-245-5077,,"영업 종료
10:00에 영업 시작
10시 0분에 영업 시작매일
10:00 - 20:00
접기",https://ldb-phinf.pstatic.net/20200119_10/1579431993572Abur3_GIF/6qOkRtWlbTf1AIs-SgL_jSXb.gif,90,4.09,20,37.30145637,127.0317786,"단체 이용 가능, 주차, 포장, 예약, 남/녀 화장실 구분",,http://www.365food.com/patjuk,22,https://map.naver.com/p/search/%EA%B2%BD%EA%B8%B0%EB%8C%80%20%EC%88%98%EC%9B%90%EC%BA%A0%ED%8D%BC%EC%8A%A4%20%ED%95%9C%EC%8B%9D/place/1543843703,"팥옹심이,광교산팥칼국수집,팥죽집,콩국수,도토리묵무침",2024-01-09 21:04:38 +0900
상전,"전,빈대떡",경기 수원시 장안구 광교산로 138 2층,경기도 수원시 장안구 연무동 7-3 2층,031-251-7942,,"영업 중
23:00에 영업 종료
23시 0분에 영업 종료화
12:00 - 23:00수
12:00 - 23:00목
12:00 - 23:00금
12:00 - 23:00토
12:00 - 23:00일
12:00 - 23:00월
정기휴무 (매주 월요일)
접기",https://ldb-phinf.pstatic.net/20221124_221/1669284294210HjmIW_JPEG/Screenshot_20221124_185950_Instagram.jpg,78,4.64,38,37.2996936,127.0301857,"단체 이용 가능, 예약, 무선 인터넷, 포장, 남/녀 화장실 구분",,http://instagram.com/sang__jeon,36,https://map.naver.com/p/search/%EA%B2%BD%EA%B8%B0%EB%8C%80%20%EC%88%98%EC%9B%90%EC%BA%A0%ED%8D%BC%EC%8A%A4%20%ED%95%9C%EC%8B%9D/place/1122275930,"모둠전,막걸리,닭발,전,감자전",2024-01-09 21:04:38 +0900
인기명 수원광교점,"해물,생선요리","경기 수원시 영통구 센트럴타운로 107 월드스퀘어 1층 9, 10호","경기도 수원시 영통구 이의동 1331 월드스퀘어 1층 9, 10호",031-215-8222,,"영업 중
22:00에 영업 종료
22시 0분에 영업 종료화
11:30 - 22:00수
11:30 - 22:00목
11:30 - 22:00금
17:00 - 22:00토
11:30 - 22:00일
11:30 - 22:00월
17:00 - 22:00- 평일 낮 시간은 사전예약을 통해서 방문 가능합니다
접기",https://ldb-phinf.pstatic.net/20230114_267/1673684536746Uh8iO_JPEG/20221022142951%A3%DFIMG%A3%DF9763.jpg,260,4.31,707,37.29166581,127.0478014,"예약, 단체 이용 가능, 무선 인터넷, 남/녀 화장실 구분, 주차, 포장",,http://www.inkimyung.com,138,https://map.naver.com/p/search/%EA%B2%BD%EA%B8%B0%EB%8C%80%20%EC%88%98%EC%9B%90%EC%BA%A0%ED%8D%BC%EC%8A%A4%20%ED%95%9C%EC%8B%9D/place/1357107751,"조갈찜,랍스터조갈찜,해물찜,랍스터,갈비찜",2024-01-09 21:04:40 +0900
신복관 광교점,신복관,"경기 수원시 영통구 센트럴타운로 107 광교푸르지오 월드스퀘어 1층 1-7,1-8호",경기도 수원시 영통구 이의동 1331,031-214-9076,,"영업 중
21:00에 라스트오더
21시 0분에 라스트오더화
11:30 - 22:00
15:00 - 17:00 브레이크타임
21:00 라스트오더수
11:30 - 22:00
15:00 - 17:00 브레이크타임
21:00 라스트오더목
11:30 - 22:00
15:00 - 17:00 브레이크타임
21:00 라스트오더금
11:30 - 22:00
15:00 - 17:00 브레이크타임
21:00 라스트오더토
11:30 - 22:00
15:00 - 17:00 브레이크타임
21:00 라스트오더일
11:30 - 22:00
15:00 - 17:00 브레이크타임
21:00 라스트오더월
11:30 - 22:00
15:00 - 17:00 브레이크타임
21:00 라스트오더
접기",https://ldb-phinf.pstatic.net/20160919_188/1474260370583j23u9_JPEG/176857525034825_0.jpeg,220,4.48,214,37.29170465,127.0477655,"단체 이용 가능, 주차, 남/녀 화장실 구분, 포장",,http://www.shinbokkwan.com/,72,https://map.naver.com/p/search/%EA%B2%BD%EA%B8%B0%EB%8C%80%20%EC%88%98%EC%9B%90%EC%BA%A0%ED%8D%BC%EC%8A%A4%20%ED%95%9C%EC%8B%9D/place/38555029,"주꾸미,낙지,직화구이",2024-01-09 21:04:40 +0900
목구멍 수원광교점,"육류,고기요리","경기 수원시 영통구 센트럴타운로 111 1층 114호, 115호","경기도 수원시 영통구 이의동 1330 1층 114호, 115호",0507-1455-5590,,"영업 중
24:00에 영업 종료
0시 0분에 영업 종료화
16:00 - 24:00수
16:00 - 24:00목
16:00 - 24:00금
16:00 - 24:00토
12:00 - 24:00일
12:00 - 24:00월
16:00 - 24:00
접기",https://ldb-phinf.pstatic.net/20230614_2/1686728910239oqGnc_JPEG/1%B9%F8_2.jpg,307,,244,37.29240916,127.049126,"남/녀 화장실 구분, 단체 이용 가능",,https://www.moggumung.com/,104,https://map.naver.com/p/search/%EA%B2%BD%EA%B8%B0%EB%8C%80%20%EC%88%98%EC%9B%90%EC%BA%A0%ED%8D%BC%EC%8A%A4%20%ED%95%9C%EC%8B%9D/place/1284207599,"수원삼겹살,수원고기집,광교삼겹살,광교고기집,수원고기",2024-01-09 21:04:41 +0900
전주콩나물국밥,국밥,경기 수원시 장안구 광교산로138번길 1 2층,경기도 수원시 장안구 연무동 7-7 2층,031-242-7844,,"영업 종료
07:00에 영업 시작
7시 0분에 영업 시작화
07:00 - 21:00수
07:00 - 21:00목
07:00 - 21:00금
07:00 - 21:00토
06:30 - 21:00일
06:30 - 21:00월
정기휴무 (매주 월요일)
접기",https://ldb-phinf.pstatic.net/20220204_297/16439520869561uQQe_JPEG/SE-02d1d91b-bc27-4e07-b700-2c88029dcac3.jpg,141,4.47,27,37.2997341,127.0303741,,,,44,https://map.naver.com/p/search/%EA%B2%BD%EA%B8%B0%EB%8C%80%20%EC%88%98%EC%9B%90%EC%BA%A0%ED%8D%BC%EC%8A%A4%20%ED%95%9C%EC%8B%9D/place/1433538028,,2024-01-09 21:04:51 +0900
삼육공 광교점,"육류,고기요리",경기 수원시 영통구 센트럴파크로127번길 115-3 1층,경기도 수원시 영통구 이의동 1310-2 1층,0507-1424-3592,,"영업 중
23:00에 영업 종료
23시 0분에 영업 종료매일
12:00 - 23:00- 12:00~16:00 점심특선
접기",https://ldb-phinf.pstatic.net/20230803_218/1691034647405njzFt_JPEG/Screenshot_20230803_115749_Gallery.jpg,182,4.42,305,37.29423899,127.0534552,"예약, 주차, 무선 인터넷, 남/녀 화장실 구분, 단체 이용 가능, 포장, 배달",,https://www.instagram.com/360gwanggyo,79,https://map.naver.com/p/search/%EA%B2%BD%EA%B8%B0%EB%8C%80%20%EC%88%98%EC%9B%90%EC%BA%A0%ED%8D%BC%EC%8A%A4%20%ED%95%9C%EC%8B%9D/place/38637822,"삼겹살,목살,항정살,가브리살,숙성",2024-01-09 21:04:51 +0900
행복한밥상,한식,경기 수원시 장안구 창훈로60번길 50 2층,경기도 수원시 장안구 연무동 8-10 2층,031-251-7333,,"영업 종료
11:00에 영업 시작
11시 0분에 영업 시작매일
11:00 - 21:00
20:00 라스트오더
접기",https://ldb-phinf.pstatic.net/20190123_135/1548231087656OauLL_JPEG/YFJ2DieNcVOti14Mah9ziUYP.jpeg.jpg,81,4.58,19,37.29953351,127.029794,"단체 이용 가능, 주차, 포장",,,9,https://map.naver.com/p/search/%EA%B2%BD%EA%B8%B0%EB%8C%80%20%EC%88%98%EC%9B%90%EC%BA%A0%ED%8D%BC%EC%8A%A4%20%ED%95%9C%EC%8B%9D/place/1376699771,"생선구이,병어회,홍어회보쌈,간장게장,가오리회무침",2024-01-09 21:04:52 +0900
이차돌 광교중앙역점,소고기구이,경기 수원시 영통구 센트럴타운로 106 108~110호,경기도 수원시 영통구 이의동 1322-5 108~110호,0507-1340-4465,,"영업 중
23:00에 영업 종료
23시 0분에 영업 종료매일
12:00 - 23:00
접기",https://ldb-phinf.pstatic.net/20221220_191/1671512298553qkyVx_JPEG/KakaoTalk_20221216_115134302_02.jpg,166,4.45,64,37.29250591,127.049964,"단체 이용 가능, 무선 인터넷, 주차",,http://2chadol.com/,39,https://map.naver.com/p/search/%EA%B2%BD%EA%B8%B0%EB%8C%80%20%EC%88%98%EC%9B%90%EC%BA%A0%ED%8D%BC%EC%8A%A4%20%ED%95%9C%EC%8B%9D/place/1531590859,"차돌박이,소고기맛집,고기집,이차돌,요즘뜨는체인점",2024-01-09 21:04:52 +0900
금터민물매운탕,"매운탕,해물탕",경기 수원시 장안구 월드컵로428번길 6,경기도 수원시 장안구 연무동 249-34,031-244-6711,,"영업 종료
09:00에 영업 시작
9시 0분에 영업 시작매일
09:00 - 21:00
접기",https://ldb-phinf.pstatic.net/20190130_35/1548841320344S1toM_JPEG/6k40wwhORo_YvXBfzTUy8DeF.JPG.jpg,233,4.41,57,37.29379469,127.0257199,"단체 이용 가능, 포장, 주차",,,30,https://map.naver.com/p/search/%EA%B2%BD%EA%B8%B0%EB%8C%80%20%EC%88%98%EC%9B%90%EC%BA%A0%ED%8D%BC%EC%8A%A4%20%ED%95%9C%EC%8B%9D/place/18008350,"붕어찜,메기매운탕,메기찜,빠가매운탕,참게모듬매운탕",2024-01-09 21:04:52 +0900
배부장찌개 수원광교점,"찌개,전골",경기 수원시 영통구 대학1로54번길 14,경기도 수원시 영통구 이의동 1261-4,031-211-4049,,"영업 중
22:20에 라스트오더
22시 20분에 라스트오더화
11:00 - 23:00
22:20 라스트오더수
11:00 - 23:00
22:20 라스트오더목
11:00 - 23:00
22:20 라스트오더금
11:00 - 23:00
22:20 라스트오더토
정기휴무 (매주 토요일)일
11:00 - 23:00
22:20 라스트오더월
11:00 - 23:00
22:20 라스트오더
접기",https://ldb-phinf.pstatic.net/20160722_84/1469169334717WXJbg_JPEG/176672556553958_0.jpeg,212,4.27,90,37.2991616,127.0450721,"포장, 무선 인터넷",,,33,https://map.naver.com/p/search/%EA%B2%BD%EA%B8%B0%EB%8C%80%20%EC%88%98%EC%9B%90%EC%BA%A0%ED%8D%BC%EC%8A%A4%20%ED%95%9C%EC%8B%9D/place/38332070,"광교,경기대후문,배부장,김치찌개,동태탕",2024-01-09 21:04:53 +0900
소담골,"칼국수,만두",경기 수원시 장안구 광교산로 113 1층,경기도 수원시 장안구 하광교동 444-6 1층,031-247-3222,,"영업 종료
11:00에 영업 시작
11시 0분에 영업 시작화
11:00 - 20:30
16:00 - 17:00 브레이크타임
20:00 라스트오더수
11:00 - 20:30
16:00 - 17:00 브레이크타임
20:00 라스트오더목
11:00 - 20:30
16:00 - 17:00 브레이크타임
20:00 라스트오더금
11:00 - 20:30
16:00 - 17:00 브레이크타임
20:00 라스트오더토
11:00 - 20:30
20:00 라스트오더일
11:00 - 20:30
20:00 라스트오더월
정기휴무 (매주 월요일)- 2024년부터 매주 월요일 휴무로 변경되었습니다.
접기",https://ldb-phinf.pstatic.net/20200627_198/1593250716775LMgmP_JPEG/CE5E1ZIQVR04QUlB0aJCDKEk.jpg,291,,52,37.299581,127.027739,포장,,,60,https://map.naver.com/p/search/%EA%B2%BD%EA%B8%B0%EB%8C%80%20%EC%88%98%EC%9B%90%EC%BA%A0%ED%8D%BC%EC%8A%A4%20%ED%95%9C%EC%8B%9D/place/20083049,"들깨수제비,팥칼국수,팥죽,바지락칼국수,광교산로",2024-01-09 21:04:58 +0900
착한고기 광교점,소고기구이,경기 수원시 영통구 대학로 14 2층,경기도 수원시 영통구 이의동 1275-9 2층,0507-1421-9234,,"영업 중
22:00에 영업 종료
22시 0분에 영업 종료매일
11:00 - 22:00
접기",https://ldb-phinf.pstatic.net/20200523_99/1590211279402hytSp_JPEG/KBU752ZSDBj6b7G3Naj1is4k.jpg,181,4.78,199,37.2979036,127.0422761,"예약, 단체 이용 가능, 포장, 무선 인터넷, 남/녀 화장실 구분, 배달, 간편결제, 주차",,http://chakangogigg.itrocks.kr/,29,https://map.naver.com/p/search/%EA%B2%BD%EA%B8%B0%EB%8C%80%20%EC%88%98%EC%9B%90%EC%BA%A0%ED%8D%BC%EC%8A%A4%20%ED%95%9C%EC%8B%9D/place/36523432,"광교한우,광교회식,수원회식,한우한마리,광교고기",2024-01-09 21:05:02 +0900
청담생고기 광교점,"육류,고기요리",경기 수원시 장안구 광교산로 18 청담생고기,경기도 수원시 장안구 영화동 44-5 청담생고기,0507-1377-3383,,"영업 중
21:00에 라스트오더
21시 0분에 라스트오더매일
11:00 - 22:00
15:30 - 16:50 브레이크타임
21:00 라스트오더
접기",https://ldb-phinf.pstatic.net/20230921_4/16952803573434nXSg_JPEG/scaled_20230218_123917.jpg,228,4.36,88,37.2934945,127.020925,"예약, 단체 이용 가능, 주차, 포장",,,37,https://map.naver.com/p/search/%EA%B2%BD%EA%B8%B0%EB%8C%80%20%EC%88%98%EC%9B%90%EC%BA%A0%ED%8D%BC%EC%8A%A4%20%ED%95%9C%EC%8B%9D/place/11561934,"수원한우,수원모임,수원삼겹살,수원외식룸,회식",2024-01-09 21:05:05 +0900
세광양대창 수원광교점,"곱창,막창,양","경기 수원시 영통구 센트럴타운로 103 w타워 1층 122호, 123호, 124호","경기도 수원시 영통구 이의동 1330-1 w타워 1층 122호, 123호, 124호",0507-1483-7591,,"영업 중
24:00에 영업 종료
0시 0분에 영업 종료화
15:00 - 24:00수
15:00 - 24:00목
15:00 - 24:00금
15:00 - 24:00토
14:00 - 24:00일
14:00 - 24:00월
15:00 - 24:00
접기",https://ldb-phinf.pstatic.net/20220221_231/1645406882021YkKHg_PNG/KakaoTalk_Moim_7DPGSWjZojOgB7NzKaaJGEmzsWSF37.png,996,,296,37.29211998,127.0494838,"단체 이용 가능, 포장, 예약, 주차",,https://www.instagram.com/sekwang_gwanggyo,762,https://map.naver.com/p/search/%EA%B2%BD%EA%B8%B0%EB%8C%80%20%EC%88%98%EC%9B%90%EC%BA%A0%ED%8D%BC%EC%8A%A4%20%ED%95%9C%EC%8B%9D/place/1100108621,"광교주차,곱창,갈비,곱창전골,양대창",2024-01-09 21:05:05 +0900
더먹소,"육류,고기요리",경기 수원시 영통구 대학로 28 201호,경기도 수원시 영통구 이의동 1275-1 201호,0507-1344-4570,,"영업 중
21:00에 라스트오더
21시 0분에 라스트오더화
17:00 - 23:00
21:00 라스트오더수
17:00 - 23:00
21:00 라스트오더목
17:00 - 23:00
21:00 라스트오더금
17:00 - 23:00
21:00 라스트오더토
17:00 - 23:00
21:00 라스트오더일
정기휴무 (매주 일요일)월
17:00 - 23:00
21:00 라스트오더- 이용시간이 2시간인 관계로 9시까지 입장가능합니다
접기",https://ldb-phinf.pstatic.net/20190323_252/155333517762864l6J_JPEG/e0oo2O3H_nnsR0aDog7OF3o1.jpg,81,4.56,86,37.29873717,127.0431424,"예약, 단체 이용 가능, 주차, 남/녀 화장실 구분",,,28,https://map.naver.com/p/search/%EA%B2%BD%EA%B8%B0%EB%8C%80%20%EC%88%98%EC%9B%90%EC%BA%A0%ED%8D%BC%EC%8A%A4%20%ED%95%9C%EC%8B%9D/place/1010610128,"프리미엄소고기,무한리필,제주산흑돼지",2024-01-09 21:05:14 +0900
조원동마포집,"육류,고기요리",경기 수원시 장안구 조원로 74-1,경기도 수원시 장안구 조원동 739-25,0507-1331-5692,,"영업 중
24:00에 영업 종료
0시 0분에 영업 종료화
17:00 - 24:00수
17:00 - 24:00목(1/11)
정기휴무 (매달 2, 4번째 목요일)금
17:00 - 02:00토
17:00 - 02:00일
17:00 - 24:00월
17:00 - 24:00매달 2, 4번째 목요일 정기 휴무
접기",https://ldb-phinf.pstatic.net/20180911_283/1536653618434edw0T_JPEG/4gbV6XtBHkiXjkbTSCPnez7c.jpg,152,4.33,214,37.299912,127.017193,,,http://jowondongmapojip.cityfood.co.kr,57,https://map.naver.com/p/search/%EA%B2%BD%EA%B8%B0%EB%8C%80%20%EC%88%98%EC%9B%90%EC%BA%A0%ED%8D%BC%EC%8A%A4%20%ED%95%9C%EC%8B%9D/place/1109651526,"삼겹살,갈매기살,항정살,소막창,돼지막창",2024-01-09 21:05:17 +0900
한량 광교점,"육류,고기요리","경기 수원시 영통구 센트럴타운로 103 101, 102호","경기도 수원시 영통구 이의동 1330-1 101, 102호",0507-1328-1512,,"영업 중
22:30에 라스트오더
22시 30분에 라스트오더화
11:00 - 23:00
14:00 - 17:00 브레이크타임
22:30 라스트오더수
11:00 - 23:00
14:00 - 17:00 브레이크타임
22:30 라스트오더목
11:00 - 23:00
14:00 - 17:00 브레이크타임
22:30 라스트오더금
11:00 - 23:00
14:00 - 17:00 브레이크타임
22:30 라스트오더토
16:00 - 23:00
22:30 라스트오더일
16:00 - 23:00
22:30 라스트오더월
11:00 - 23:00
14:00 - 17:00 브레이크타임
22:30 라스트오더
접기",https://ldb-phinf.pstatic.net/20230331_23/1680270143987NHDF6_JPEG/2BB7483B-D9D6-49A6-AEA2-D49A89842A11.jpeg,283,,95,37.2921481,127.0496694,"포장, 무선 인터넷, 반려동물 동반, 남/녀 화장실 구분",,,228,https://map.naver.com/p/search/%EA%B2%BD%EA%B8%B0%EB%8C%80%20%EC%88%98%EC%9B%90%EC%BA%A0%ED%8D%BC%EC%8A%A4%20%ED%95%9C%EC%8B%9D/place/1808632200,"광교삼겹살,광교고깃집,광교고기집,광교냉삼,광교회식",2024-01-09 21:05:18 +0900
황금무지개횟집,생선회,경기 수원시 영통구 대학1로8번길 16-1 황금무지개,경기도 수원시 영통구 이의동 1277-4 황금무지개,031-215-0888,,"영업 종료
11:00에 영업 시작
11시 0분에 영업 시작화
11:00 - 21:00
20:00 라스트오더수
11:00 - 21:00
20:00 라스트오더목
11:00 - 21:00
20:00 라스트오더금
11:00 - 21:00
20:00 라스트오더토
11:00 - 21:00
20:00 라스트오더일
정기휴무 (매주 일요일)월
11:00 - 21:00
20:00 라스트오더
접기",https://ldb-phinf.pstatic.net/20230502_287/1682989813966cmzdY_JPEG/20230419_185432.jpg,101,,35,37.29746595,127.0434512,"단체 이용 가능, 예약, 무선 인터넷, 포장, 남/녀 화장실 구분",,,56,https://map.naver.com/p/search/%EA%B2%BD%EA%B8%B0%EB%8C%80%20%EC%88%98%EC%9B%90%EC%BA%A0%ED%8D%BC%EC%8A%A4%20%ED%95%9C%EC%8B%9D/place/1700360605,"초밥,참치,횟집,복어,물회",2024-01-09 21:05:18 +0900
봄햇살순두부,두부요리,경기 수원시 장안구 광교산로 136 1층,경기도 수원시 장안구 연무동 8-2 1층,031-251-0119,,"영업 종료
11:00에 영업 시작
11시 0분에 영업 시작화
11:00 - 15:00수
11:00 - 15:00목
11:00 - 15:00금
11:00 - 15:00토
11:00 - 15:00일
11:00 - 15:00월
11:00 - 15:00- 건물내 주차장이 없습니다 /광교공영주차장(유료)이용
접기",https://ldb-phinf.pstatic.net/20230301_250/1677659623970RIRcY_JPEG/Screenshot_20230301-173000_NAVER.jpg,118,4.52,23,37.299689,127.0300314,,,,23,https://map.naver.com/p/search/%EA%B2%BD%EA%B8%B0%EB%8C%80%20%EC%88%98%EC%9B%90%EC%BA%A0%ED%8D%BC%EC%8A%A4%20%ED%95%9C%EC%8B%9D/place/1470452136,,2024-01-09 21:05:19 +0900
수누리 감자탕 광교점,감자탕,경기 수원시 영통구 센트럴타운로 85 1층 Cb17~18호,경기도 수원시 영통구 이의동 1332 1층 Cb17~18호,031-214-7979,,"영업 중
20:45에 라스트오더
20시 45분에 라스트오더화
10:00 - 21:30
20:45 라스트오더수
10:00 - 21:30
20:45 라스트오더목
10:00 - 21:30
20:45 라스트오더금
10:00 - 21:30
20:45 라스트오더토
10:00 - 21:30
20:45 라스트오더일
10:00 - 21:30
20:45 라스트오더월
10:00 - 21:30
20:45 라스트오더
접기",https://ldb-phinf.pstatic.net/20220201_275/1643699259829nsA26_JPEG/%B0%A8%C0%DA%C5%C1.jpg,371,4.34,204,37.2907368,127.0504529,"예약, 단체 이용 가능, 주차, 포장, 남/녀 화장실 구분",,,62,https://map.naver.com/p/search/%EA%B2%BD%EA%B8%B0%EB%8C%80%20%EC%88%98%EC%9B%90%EC%BA%A0%ED%8D%BC%EC%8A%A4%20%ED%95%9C%EC%8B%9D/place/366176547,"감자탕,해장국,뼈해장국,해물찜",2024-01-09 21:05:22 +0900
나주홍어,"해물,생선요리",경기 수원시 장안구 연무로 49 장안컴퓨터학원,경기도 수원시 장안구 연무동 234-1 장안컴퓨터학원,031-204-1777,,"영업 중
24:00에 영업 종료
0시 0분에 영업 종료화
14:00 - 24:00수
14:00 - 24:00목
14:00 - 24:00금
14:00 - 24:00토
14:00 - 24:00일
14:00 - 24:00월
정기휴무 (매주 월요일)
접기",https://ldb-phinf.pstatic.net/20150901_115/1441080027640SjYga_JPEG/SUBMIT_1432085737544_21204459.jpg,14,4.63,53,37.2953809,127.0260596,"예약, 단체 이용 가능, 주차, 포장, 남/녀 화장실 구분",,https://suwonraw.modoo.at,5,https://map.naver.com/p/search/%EA%B2%BD%EA%B8%B0%EB%8C%80%20%EC%88%98%EC%9B%90%EC%BA%A0%ED%8D%BC%EC%8A%A4%20%ED%95%9C%EC%8B%9D/place/21204459,"수원홍어,수원나주홍어,홍어삼합,홍어풀코스,홍어회",2024-01-09 21:05:28 +0900
안동국시 서빈,국수,경기 수원시 영통구 센트럴파크로127번길 109,경기도 수원시 영통구 이의동 1310-5,0507-1370-0660,,"영업 종료
11:00에 영업 시작
11시 0분에 영업 시작매일
11:00 - 21:00
15:20 - 17:00 브레이크타임
14:50, 20:30 라스트오더
접기",https://ldb-phinf.pstatic.net/20210714_275/1626228505125aJ9hn_JPEG/GcXUkX3QWgrcmUdxRzIEnIW9.jpg,849,4.73,203,37.29386257,127.05329,"예약, 단체 이용 가능, 주차, 포장, 남/녀 화장실 구분, 무선 인터넷, 배달",,https://www.instagram.com/kuy0502,339,https://map.naver.com/p/search/%EA%B2%BD%EA%B8%B0%EB%8C%80%20%EC%88%98%EC%9B%90%EC%BA%A0%ED%8D%BC%EC%8A%A4%20%ED%95%9C%EC%8B%9D/place/589039138,"안동국시,칼국수,전,한우국밥,한우수육",2024-01-09 21:05:31 +0900
본죽 수원광교역점,죽,경기 수원시 영통구 대학로 48,경기도 수원시 영통구 이의동 1258,031-216-6288,,"영업 종료
10:00에 영업 시작
10시 0분에 영업 시작화
10:00 - 20:00
19:30 라스트오더수
10:00 - 20:00
19:30 라스트오더목
10:00 - 20:00
19:30 라스트오더금
10:00 - 20:00
19:30 라스트오더토
10:00 - 20:00
19:30 라스트오더일
정기휴무 (매주 일요일)월
10:00 - 20:00
19:30 라스트오더- 어머님 장례로 인해 11/20~26 휴무합니다
접기",https://ldb-phinf.pstatic.net/20240105_55/1704432211825ur9SG_JPEG/2401_%C7%F6%B9%CC%C1%D7_%B3%D7%C0%CC%B9%F6%BD%BA%B8%B6%C6%AE%C7%C3%B7%B9%C0%CC%BD%BA.jpg,73,4.03,8,37.3002582,127.0444903,"예약, 주차, 포장, 무선 인터넷, 남/녀 화장실 구분",,https://www.bonif.co.kr/menu/list?brdCd=BF101,15,https://map.naver.com/p/search/%EA%B2%BD%EA%B8%B0%EB%8C%80%20%EC%88%98%EC%9B%90%EC%BA%A0%ED%8D%BC%EC%8A%A4%20%ED%95%9C%EC%8B%9D/place/36768345,"죽,전복죽,팥죽,맞춤죽,낙지김치죽",2024-01-09 21:05:32 +0900
양육점 광교점,"육류,고기요리",경기 수원시 영통구 센트럴파크로127번길 108,경기도 수원시 영통구 이의동 1321-7,031-217-2624,,"영업 중
23:00에 영업 종료
23시 0분에 영업 종료화
17:00 - 23:00수
17:00 - 23:00목
17:00 - 23:00금
17:00 - 23:00토
16:00 - 23:00일
16:00 - 23:00월
17:00 - 23:00
접기",https://ldb-phinf.pstatic.net/20190116_114/1547617932198Nnow1_JPEG/YwRw1B01KikoJPwqM4s9Aq2y.jpg,107,4.71,201,37.29365996,127.0532283,"단체 이용 가능, 예약, 주차, 무선 인터넷, 포장",,https://www.instagram.com/gg_yangyukjum/?hl=ko,43,https://map.naver.com/p/search/%EA%B2%BD%EA%B8%B0%EB%8C%80%20%EC%88%98%EC%9B%90%EC%BA%A0%ED%8D%BC%EC%8A%A4%20%ED%95%9C%EC%8B%9D/place/1092590019,"광교,양갈비,프렌치랙,양고기,양등심",2024-01-09 21:05:34 +0900
노란황태 본점,한식,경기 수원시 영통구 센트럴파크로127번길 33,경기도 수원시 영통구 이의동 1313-1,031-211-7087,,"영업 종료
10:00에 영업 시작
10시 0분에 영업 시작화
10:00 - 21:00
15:00 - 17:00 브레이크타임
20:20 라스트오더수
10:00 - 21:00
15:00 - 17:00 브레이크타임
20:20 라스트오더목
10:00 - 21:00
15:00 - 17:00 브레이크타임
20:20 라스트오더금
10:00 - 21:00
15:00 - 17:00 브레이크타임
20:20 라스트오더토
10:00 - 21:00
15:00 - 17:00 브레이크타임
20:20 라스트오더일
10:00 - 21:00
15:00 - 17:00 브레이크타임
20:20 라스트오더월
10:00 - 21:00
15:00 - 17:00 브레이크타임
20:20 라스트오더
접기",https://ldb-phinf.pstatic.net/20220819_103/1660906928680gL1qa_JPEG/Screenshot_20220819-200202_Instagram.jpg,437,4.36,264,37.29480085,127.0546657,,,,100,https://map.naver.com/p/search/%EA%B2%BD%EA%B8%B0%EB%8C%80%20%EC%88%98%EC%9B%90%EC%BA%A0%ED%8D%BC%EC%8A%A4%20%ED%95%9C%EC%8B%9D/place/37336476,"황태해장국,돌솥밥,황태",2024-01-09 21:05:41 +0900
무한리필닭갈비,닭갈비,경기 수원시 장안구 창훈로 71 무한리필닭갈비,경기도 수원시 장안구 연무동 212-9 무한리필닭갈비,0507-1494-8386,,"영업 중
23:00에 영업 종료
23시 0분에 영업 종료화
13:00 - 23:00수
13:00 - 23:00목
13:00 - 23:00금
13:00 - 23:00토
13:00 - 23:00일
13:00 - 23:00월
13:00 - 23:00
접기",https://ldb-phinf.pstatic.net/20180531_299/1527732601941d0mAw_JPEG/YNw8jYxWoVq0eXGg8etm120Z.jpg,71,4.53,11,37.297682,127.0280479,"포장, 예약, 단체 이용 가능, 주차",,,36,https://map.naver.com/p/search/%EA%B2%BD%EA%B8%B0%EB%8C%80%20%EC%88%98%EC%9B%90%EC%BA%A0%ED%8D%BC%EC%8A%A4%20%ED%95%9C%EC%8B%9D/place/34963082,"닭갈비,무한리필,경기대,광교산,연무시장",2024-01-09 21:05:56 +0900
유가네닭갈비 경기대점,닭갈비,경기 수원시 영통구 대학로 46,경기도 수원시 영통구 이의동 1258-1 107-110호,031-211-9992,,"영업 중
22:00에 영업 종료
22시 0분에 영업 종료화
10:00 - 22:00
15:30 - 16:30 브레이크타임수
정기휴무 (매주 수요일)목
10:00 - 22:00
15:30 - 16:30 브레이크타임금
10:00 - 22:00
15:30 - 16:30 브레이크타임토
10:00 - 22:00
15:30 - 16:30 브레이크타임일
10:00 - 22:00
15:30 - 16:30 브레이크타임월
10:00 - 22:00
15:30 - 16:30 브레이크타임
접기",https://ldb-phinf.pstatic.net/20231023_280/1698050201078PtXaF_PNG/230907_%C0%AF%B0%A1%B3%D7-%B7%CE%B0%ED_NEW.png,125,4.4,68,37.29982471,127.0443006,,,https://www.yoogane.co.kr,21,https://map.naver.com/p/search/%EA%B2%BD%EA%B8%B0%EB%8C%80%20%EC%88%98%EC%9B%90%EC%BA%A0%ED%8D%BC%EC%8A%A4%20%ED%95%9C%EC%8B%9D/place/37336834,"유가네닭갈비,치즈퐁닭,철판볶음밥,막국수,치즈닭갈비",2024-01-09 21:05:56 +0900
광교연탄불고기,돼지고기구이,경기 수원시 영통구 대학1로50번길 7 1층 광교연탄불고기,경기도 수원시 영통구 이의동 1261-15,070-7778-8880,,"영업 종료
11:00에 영업 시작
11시 0분에 영업 시작화
11:00 - 21:00수
11:00 - 21:00목
11:00 - 21:00금
11:00 - 21:00토
11:00 - 17:00일
정보없음월
11:00 - 21:00
접기",,52,4.34,55,37.2995687,127.0451034,"예약, 포장, 무선 인터넷",,,23,https://map.naver.com/p/search/%EA%B2%BD%EA%B8%B0%EB%8C%80%20%EC%88%98%EC%9B%90%EC%BA%A0%ED%8D%BC%EC%8A%A4%20%ED%95%9C%EC%8B%9D/place/38502471,"연탄,연탄불고기,혼자먹기,간단히먹는술,집밥",2024-01-09 21:05:57 +0900
청기와24시감자탕 광교점,감자탕,경기 수원시 영통구 센트럴타운로 111 1층,경기도 수원시 영통구 이의동 1330 1층,0507-1355-0456,,"24시간 영업
연중무휴
연중무휴매일
00:00 - 24:00
접기",https://ldb-phinf.pstatic.net/20190219_262/1550562940360Srhjq_JPEG/eJ48jUVR80Vwzf7wxNvE1jb3.jpg,168,4.2,35,37.29256532,127.0493366,,,,27,https://map.naver.com/p/search/%EA%B2%BD%EA%B8%B0%EB%8C%80%20%EC%88%98%EC%9B%90%EC%BA%A0%ED%8D%BC%EC%8A%A4%20%ED%95%9C%EC%8B%9D/place/1659544960,,2024-01-09 21:06:01 +0900
두찜 수원광교1호점,찜닭,경기 수원시 영통구 센트럴타운로 107 204동 1층 073호,경기도 수원시 영통구 이의동 1331 204동 1층 073호,0507-1343-0905,,"영업 중
22:30에 영업 종료
22시 30분에 영업 종료화
10:30 - 22:30수
10:30 - 22:30목
10:30 - 22:30금
10:30 - 22:30토
10:30 - 22:30일
10:30 - 22:00월
정기휴무 (매주 월요일)
접기",https://ldb-phinf.pstatic.net/20190308_98/1552013205993XTu4a_JPEG/uw7fNjKWMUjrto8ca43r0rDT.jpg,159,4.56,48,37.29234341,127.0485894,"무선 인터넷, 단체 이용 가능, 남/녀 화장실 구분, 주차",,http://twozzim.modoo.at,42,https://map.naver.com/p/search/%EA%B2%BD%EA%B8%B0%EB%8C%80%20%EC%88%98%EC%9B%90%EC%BA%A0%ED%8D%BC%EC%8A%A4%20%ED%95%9C%EC%8B%9D/place/1896095503,"찜닭,두찜광교,두찜수원광교,광교찜닭,광교두찜",2024-01-09 21:06:04 +0900
우심 광교점,소고기구이,경기 수원시 영통구 센트럴타운로 107 2번게이트 출구 옆 b015 우심광교,경기도 수원시 영통구 이의동 1331 2번게이트 출구 옆 b015 우심광교,0507-1349-8158,,"영업 중
23:00에 영업 종료
23시 0분에 영업 종료화
12:00 - 23:00수
12:00 - 23:00목
12:00 - 23:00금
12:00 - 23:00토
12:00 - 23:00일
12:00 - 23:00월
12:00 - 23:00
접기",https://ldb-phinf.pstatic.net/20230715_154/1689399158627w914W_JPEG/KakaoTalk_20230715_143123323.jpg,93,,406,37.292389,127.0486575,"단체 이용 가능, 예약, 남/녀 화장실 구분, 무선 인터넷, 주차",,https://app.catchtable.co.kr/ct/shop/wooshim_gg,33,https://map.naver.com/p/search/%EA%B2%BD%EA%B8%B0%EB%8C%80%20%EC%88%98%EC%9B%90%EC%BA%A0%ED%8D%BC%EC%8A%A4%20%ED%95%9C%EC%8B%9D/place/1257102340,"한우,광교한우,수원소고기,광교회식,소고기",2024-01-09 21:06:04 +0900
경동화로,"육류,고기요리",경기 수원시 영통구 대학1로 14 1층,경기도 수원시 영통구 이의동 1276-11,0507-1345-2148,,"영업 중
22:00에 영업 종료
22시 0분에 영업 종료매일
11:00 - 22:00
접기",https://ldb-phinf.pstatic.net/20200901_57/1598948096854L0yNw_JPEG/N0iEKQ6TcJjSpBleiJ1yDFFm.jpg,96,4.75,80,37.2978145,127.0428434,"단체 이용 가능, 포장, 예약, 무선 인터넷, 유아의자, 간편결제, 주차",,https://m.place.naver.com/restaurant/1516001187/home?entry=ple,14,https://map.naver.com/p/search/%EA%B2%BD%EA%B8%B0%EB%8C%80%20%EC%88%98%EC%9B%90%EC%BA%A0%ED%8D%BC%EC%8A%A4%20%ED%95%9C%EC%8B%9D/place/1516001187,"한우,삼겹살,돼지갈비,소고기",2024-01-09 21:06:04 +0900
삼삼오오 광교점,생선회,경기 수원시 영통구 센트럴타운로 106 센트럴프라자 1층 125호,경기도 수원시 영통구 이의동 1322-5 센트럴프라자 1층 125호,031-211-3356,,"영업 중
22:00에 라스트오더
22시 0분에 라스트오더화
11:00 - 23:30
22:00 라스트오더수
11:00 - 23:30
22:00 라스트오더목
11:00 - 23:30
22:00 라스트오더금
11:00 - 23:30
22:00 라스트오더토
11:00 - 23:30
22:00 라스트오더일
정기휴무 (매주 일요일)월
11:00 - 23:30
22:00 라스트오더
접기",https://ldb-phinf.pstatic.net/20170615_250/14975036747120wWV5_JPEG/186564593059926_0.jpeg,71,4.08,101,37.29265143,127.0504914,"예약, 주차, 남/녀 화장실 구분, 단체 이용 가능",,,14,https://map.naver.com/p/search/%EA%B2%BD%EA%B8%B0%EB%8C%80%20%EC%88%98%EC%9B%90%EC%BA%A0%ED%8D%BC%EC%8A%A4%20%ED%95%9C%EC%8B%9D/place/754051962,"해초세꼬시,활어회,세꼬시,모듬회,물회",2024-01-09 21:06:07 +0900
분홍집,돼지고기구이,경기 수원시 영통구 대학1로8번길 2 1층 101호,경기도 수원시 영통구 이의동 1278 1층 101호,0507-1385-2253,,"영업 중
22:00에 라스트오더
22시 0분에 라스트오더화
10:00 - 23:00
22:00 라스트오더수
10:00 - 23:00
22:00 라스트오더목
10:00 - 23:00
22:00 라스트오더금
10:00 - 23:00
22:00 라스트오더토
10:00 - 23:00
22:00 라스트오더일
정기휴무 (매주 일요일)월
10:00 - 23:00
22:00 라스트오더
접기",https://ldb-phinf.pstatic.net/20230711_153/1689064643878gA1W9_JPEG/1689064076672.jpg,60,,31,37.2972092,127.0422472,"주차, 예약, 단체 이용 가능, 포장, 배달",,https://www.instagram.com/bunhongzib,36,https://map.naver.com/p/search/%EA%B2%BD%EA%B8%B0%EB%8C%80%20%EC%88%98%EC%9B%90%EC%BA%A0%ED%8D%BC%EC%8A%A4%20%ED%95%9C%EC%8B%9D/place/1043813441,"광교삼겹살,광교산비빔밥,광교비빔밥,광교고기집,광교산고기집",2024-01-09 21:06:07 +0900
역전국밥 경기대역점,"순대,순댓국",경기 수원시 영통구 대학3로 7 광교나보나스퀘어 1층 118호,경기도 수원시 영통구 이의동 1254 광교나보나스퀘어 1층 118호,0507-1418-0447,,"영업 종료
10:00에 영업 시작
10시 0분에 영업 시작화
10:00 - 21:00
14:00 - 16:00 브레이크타임
20:30 라스트오더수
10:00 - 21:00
14:00 - 16:00 브레이크타임
20:30 라스트오더목
10:00 - 21:00
14:00 - 16:00 브레이크타임
20:30 라스트오더금
10:00 - 21:00
14:00 - 16:00 브레이크타임
20:30 라스트오더토
10:00 - 21:00
20:30 라스트오더일
10:00 - 21:00
20:30 라스트오더월
10:00 - 21:00
14:00 - 16:00 브레이크타임
20:30 라스트오더- 연중무휴 영업하며, 주말은 브레이크 타임없습니다 :)
접기",https://ldb-phinf.pstatic.net/20240104_215/1704359093637UkH6z_JPEG/KakaoTalk_20230808_121932542.jpg,11,,7,37.2998203,127.0421299,"남/녀 화장실 구분, 단체 이용 가능, 포장, 예약, 주차",,,4,https://map.naver.com/p/search/%EA%B2%BD%EA%B8%B0%EB%8C%80%20%EC%88%98%EC%9B%90%EC%BA%A0%ED%8D%BC%EC%8A%A4%20%ED%95%9C%EC%8B%9D/place/1786666822,"순대국,고기국밥,얼큰순대국,얼큰고기국밥,한우소머리국밥",2024-01-09 21:06:12 +0900
강릉엄지네꼬막집 광교점,조개요리,경기 수원시 영통구 센트럴타운로 107 월드스퀘어 204동 B-64호,경기도 수원시 영통구 이의동 1331 월드스퀘어 204동 B-64호,031-216-9989,,"영업 중
21:50에 라스트오더
21시 50분에 라스트오더화
10:00 - 22:00
15:00 - 17:00 브레이크타임
21:50 라스트오더수
10:00 - 22:00
15:00 - 17:00 브레이크타임
21:50 라스트오더목
10:00 - 22:00
15:00 - 17:00 브레이크타임
21:50 라스트오더금
10:00 - 22:00
15:00 - 17:00 브레이크타임
21:50 라스트오더토
10:00 - 22:00
15:00 - 17:00 브레이크타임
21:50 라스트오더일
10:00 - 22:00
15:00 - 17:00 브레이크타임
21:50 라스트오더월
10:00 - 22:00
15:00 - 17:00 브레이크타임
21:50 라스트오더- 브레이크 타임 배달 포장 가능
접기",https://ldb-phinf.pstatic.net/20230220_67/1676880679352g7RDS_JPEG/1.JPG,103,,40,37.2924452,127.0481608,"주차, 무선 인터넷, 포장, 배달",,https://umjine.com,30,https://map.naver.com/p/search/%EA%B2%BD%EA%B8%B0%EB%8C%80%20%EC%88%98%EC%9B%90%EC%BA%A0%ED%8D%BC%EC%8A%A4%20%ED%95%9C%EC%8B%9D/place/1788171011,"꼬막비빔밥,꼬막,배달,조개구이,강릉엄지네포장마차",2024-01-09 21:06:16 +0900
계모임,한식,경기 수원시 장안구 창훈로80번길 34-3 1층 계모임,경기도 수원시 장안구 연무동 11-38 1층 계모임,0507-1343-3666,,"오늘 휴무
매주 화요일 휴무
매주 화요일 휴무화
정기휴무 (매주 화요일)수
11:00 - 21:30
21:00 라스트오더목
11:00 - 21:30
21:00 라스트오더금
11:00 - 21:30
21:00 라스트오더토
11:00 - 21:00
20:30 라스트오더일
11:00 - 21:00
20:30 라스트오더월
11:00 - 21:30
21:00 라스트오더
접기",https://ldb-phinf.pstatic.net/20231012_27/1697112578937cuXkI_JPEG/63B3D767-E1AB-48F9-ADBE-EBF04A60BAAC.jpeg,57,,3,37.2991972,127.0286254,"단체 이용 가능, 예약, 무선 인터넷, 남/녀 화장실 구분, 포장, 주차",,,44,https://map.naver.com/p/search/%EA%B2%BD%EA%B8%B0%EB%8C%80%20%EC%88%98%EC%9B%90%EC%BA%A0%ED%8D%BC%EC%8A%A4%20%ED%95%9C%EC%8B%9D/place/1323004300,"직화닭불고기,탕수기,일품식덮밥,닭고기,닭요리",2024-01-09 21:06:19 +0900
바람난 장어,"장어,먹장어요리",경기 수원시 장안구 광교산로 160 지상1층,경기도 수원시 장안구 하광교동 403-1 지상1층,031-246-5666,,"영업 중
21:00에 라스트오더
21시 0분에 라스트오더매일
11:00 - 22:00
21:00 라스트오더
접기",https://ldb-phinf.pstatic.net/20230309_21/1678357848467KpXRe_JPEG/20200121_173741.jpg,20,,6,37.30149375,127.0317936,,,,7,https://map.naver.com/p/search/%EA%B2%BD%EA%B8%B0%EB%8C%80%20%EC%88%98%EC%9B%90%EC%BA%A0%ED%8D%BC%EC%8A%A4%20%ED%95%9C%EC%8B%9D/place/1724748947,,2024-01-09 21:06:19 +0900
심가네참숯민물장어,"장어,먹장어요리",경기 수원시 영통구 센트럴타운로 85 2층,경기도 수원시 영통구 이의동 1332 2층,031-8061-9282,,"영업 중
21:30에 라스트오더
21시 30분에 라스트오더매일
10:00 - 22:00
21:30 라스트오더- 설연휴
접기",https://ldb-phinf.pstatic.net/20210126_196/1611634630444CJN0t_JPEG/16eHyBz8ndcwyErCOVJO1PeA.jpeg.jpg,163,4.8,342,37.2914591,127.049958,"단체 이용 가능, 주차, 포장, 배달, 예약, 무선 인터넷, 남/녀 화장실 구분",,https://blog.naver.com/tnslqkqn,104,https://map.naver.com/p/search/%EA%B2%BD%EA%B8%B0%EB%8C%80%20%EC%88%98%EC%9B%90%EC%BA%A0%ED%8D%BC%EC%8A%A4%20%ED%95%9C%EC%8B%9D/place/1633964440,"광교장어,광교장어구이,광교민물장어,광교소고기,수원장어",2024-01-09 21:06:20 +0900
삼백식당 광교중앙점,돼지고기구이,경기 수원시 영통구 센트럴타운로 106,경기도 수원시 영통구 이의동 1322-5,0507-1331-5492,,"영업 중
01:00에 영업 종료
1시 0분에 영업 종료매일
11:30 - 01:00
접기",https://ldb-phinf.pstatic.net/20200422_247/1587548171260GXDEE_JPEG/image.jpg,250,4.63,144,37.29266068,127.0498042,,,https://alll300.modoo.at/,90,https://map.naver.com/p/search/%EA%B2%BD%EA%B8%B0%EB%8C%80%20%EC%88%98%EC%9B%90%EC%BA%A0%ED%8D%BC%EC%8A%A4%20%ED%95%9C%EC%8B%9D/place/1918238655,"이베리코꽃목살,스페셜모듬,슬러쉬소주,슬러쉬맥주,슬러쉬음료",2024-01-09 21:06:22 +0900
동진참치,생선회,경기 수원시 영통구 대학1로58번길 17,경기도 수원시 영통구 이의동 1263-9,031-212-3423,,"영업 중
23:00에 영업 종료
23시 0분에 영업 종료화
17:00 - 23:00수
17:00 - 23:00목
17:00 - 23:00금
17:00 - 23:00토
17:00 - 23:00일
정기휴무 (매주 일요일)월
17:00 - 23:00
접기",,41,4.28,77,37.29872639,127.0456204,"예약, 주차, 포장, 단체 이용 가능",,,15,https://map.naver.com/p/search/%EA%B2%BD%EA%B8%B0%EB%8C%80%20%EC%88%98%EC%9B%90%EC%BA%A0%ED%8D%BC%EC%8A%A4%20%ED%95%9C%EC%8B%9D/place/37629623,"광교참치,경기대참치,동진참치,광교횟집,경기대횟집",2024-01-09 21:06:38 +0900
광교장설렁탕,"곰탕,설렁탕",경기 수원시 영통구 에듀타운로 84 세븐스퀘어 1층,경기도 수원시 영통구 이의동 1347-5 세븐스퀘어 1층,031-215-5206,,"영업 중
22:00에 영업 종료
22시 0분에 영업 종료화
08:30 - 22:00수
08:30 - 22:00목
08:30 - 22:00금
08:30 - 22:00토
08:30 - 22:00일
08:30 - 22:00월
08:30 - 22:00매달 4번째 일요일 정기 휴무
접기",http://blogfiles.naver.net/20160126_96/whgpwls6906_14537900150135Ke22_JPEG/%B1%A4%B1%B3_%B1%B9%B9%E4.jpg#900x506,209,4.37,80,37.28879985,127.0472789,"예약, 단체 이용 가능",,,34,https://map.naver.com/p/search/%EA%B2%BD%EA%B8%B0%EB%8C%80%20%EC%88%98%EC%9B%90%EC%BA%A0%ED%8D%BC%EC%8A%A4%20%ED%95%9C%EC%8B%9D/place/33968998,"설렁탕,수육,도가니탕,수육전골",2024-01-09 21:06:47 +0900
김진옥아구찜 직영점,한식,"경기 수원시 영통구 대학4로 9 . 1층 104, 105호","경기도 수원시 영통구 이의동 1250 . 1층 104, 105호",0507-1348-5829,,"영업 종료
09:00에 영업 시작
9시 0분에 영업 시작화
09:00 - 21:00수
09:00 - 21:00목
09:00 - 21:00금
09:00 - 21:00토
12:00 - 21:00일
12:00 - 21:00월
09:00 - 21:00
접기",https://ldb-phinf.pstatic.net/20230323_55/16795358290240xd0Y_JPEG/20230320_185003.jpg,8,,8,37.3004901,127.0456971,"주차, 예약, 무선 인터넷, 포장, 남/녀 화장실 구분",,,7,https://map.naver.com/p/search/%EA%B2%BD%EA%B8%B0%EB%8C%80%20%EC%88%98%EC%9B%90%EC%BA%A0%ED%8D%BC%EC%8A%A4%20%ED%95%9C%EC%8B%9D/place/1984778826,"아귀찜,아귀수육,아구찜,아구수육,코다리찜",2024-01-09 21:06:49 +0900
백년황소곱창,"곱창,막창,양",경기 수원시 장안구 연무로 49 장안컴퓨터학원,경기도 수원시 장안구 연무동 234-1 장안컴퓨터학원,0507-1432-9282,,"영업 중
21:15에 라스트오더
21시 15분에 라스트오더화
16:00 - 22:00
21:15 라스트오더수
16:00 - 22:00
21:15 라스트오더목
16:00 - 22:00
21:15 라스트오더금
16:00 - 22:00
21:15 라스트오더토
16:00 - 23:00
22:15 라스트오더일
16:00 - 23:00
22:15 라스트오더월
16:00 - 22:00
21:15 라스트오더
접기",https://ldb-phinf.pstatic.net/20160809_3/1470728179036HucG5_JPEG/176759566638431_0.jpeg,51,4.32,26,37.2954375,127.0259453,,,,9,https://map.naver.com/p/search/%EA%B2%BD%EA%B8%B0%EB%8C%80%20%EC%88%98%EC%9B%90%EC%BA%A0%ED%8D%BC%EC%8A%A4%20%ED%95%9C%EC%8B%9D/place/38427629,"한우곱창구이,양념곱창구이,삼겹살,막창구이,대창구이",2024-01-09 21:06:51 +0900
오리덕분 본점,오리요리,경기 수원시 영통구 대학1로8번길 29 1층,경기도 수원시 영통구 이의동 1274-3 1층,0507-1347-9267,,"영업 중
21:00에 라스트오더
21시 0분에 라스트오더화
11:00 - 22:00
21:00 라스트오더수
11:00 - 22:00
21:00 라스트오더목
11:00 - 22:00
21:00 라스트오더금
11:00 - 22:00
21:00 라스트오더토
10:00 - 21:00
20:00 라스트오더일
정기휴무 (매주 일요일)월
정기휴무 (매주 월요일)- 임시휴무
접기",https://ldb-phinf.pstatic.net/20230420_78/1681980659198efQj5_JPEG/20230208_164220_exported_10665.jpg,32,,45,37.2980247,127.0432681,"단체 이용 가능, 포장, 예약, 무선 인터넷, 남/녀 화장실 구분, 배달, 주차",,,12,https://map.naver.com/p/search/%EA%B2%BD%EA%B8%B0%EB%8C%80%20%EC%88%98%EC%9B%90%EC%BA%A0%ED%8D%BC%EC%8A%A4%20%ED%95%9C%EC%8B%9D/place/1002682326,"오리숯불구이,생오리주물럭,생오리로스,오리덕분",2024-01-09 21:06:52 +0900
빛고을장터국밥,국밥,경기 수원시 영통구 대학로 14 102호,경기도 수원시 영통구 이의동 1275-9 102호,031-212-7544,,"영업 중
21:00에 라스트오더
21시 0분에 라스트오더화
11:00 - 21:30
21:00 라스트오더수
11:00 - 21:30
21:00 라스트오더목
11:00 - 21:30
21:00 라스트오더금
11:00 - 21:30
21:00 라스트오더토
11:00 - 21:30
21:00 라스트오더일
정기휴무 (매주 일요일)월
11:00 - 21:30
21:00 라스트오더
접기",https://ldb-phinf.pstatic.net/20220726_100/16588308429861e5vl_JPEG/1658830814142.jpg,60,,36,37.29785118,127.0422308,"주차, 포장, 무선 인터넷, 남/녀 화장실 구분, 장애인 편의시설",,,25,https://map.naver.com/p/search/%EA%B2%BD%EA%B8%B0%EB%8C%80%20%EC%88%98%EC%9B%90%EC%BA%A0%ED%8D%BC%EC%8A%A4%20%ED%95%9C%EC%8B%9D/place/1266981690,"소고기국밥,양선지국밥,콩나물국밥,수육,설렁탕",2024-01-09 21:06:53 +0900
